date|user_name|review|star
7 months ago|Lem H|I purchased a men‚Äôs belt on July 3,2022 at this store. When I approached the cash counter no greeting what‚Äôs so ever. A tall young black male behind the counter cashed me out. Not a word during the whole time. I told him the belt on sale on H&M website and show him the price. He cashed me out by saying no return on sale item. I asked him if possible to punch more holes on the belt he unwillingly replied ‚Äúno‚Äù. No ‚Äúhi‚Äù, no ‚Äúthank you‚Äù nothing the whole time while I was there. May be I‚Äôm an old fashion simple thank you would long way. To me, it appears he doesn‚Äôt want to be there serving customers. He need to understand there are many young people loved to have a job like he has.|1
a month ago|Josie Nufrio|Hate this place no one helps you the store is so messy.  Can never find what I want. The one in  Hillcrest is much better|1
6 months ago|Michelin|The store does not update their inventory ever. Drove 30 minutes just to find out that every size was sold and not a single piece of item was available when it showed online that all sizes were available for that item. Zero care from the workers or management.|1
a year ago|Cristina Manzone|I wish I could rate the customer service a 0! I wanted to exchange an item. I had a gift receipt and the store manager would not offer me an exchange or a  store credit. Item had tags on it, was never worn and was a Christmas gift.  I assured her that I was about to spend alot more and she was very rude and would not help. Be prepared, if you want to return something at this store, they DO NOT honour their store policy and the manager will give you a hard time.  I will never shop at this location again. I will support other locations or buy online. This post is strictly based on my experience with the store manager. I contacted head office and I hope she is spoken to about how she speaks to her customers.|1
5 months ago|Onidh|POOREST CUSTOMER SERVICE EVER EXPERIENCED IN AN H&M. THE EMPLOYEE WAS EXTREMELY RUDE AND HAD ZERO LITERALLY ZERO SENSE OF HIS OWN STORE. NEVER COMING BACKK|1
9 months ago|marissa theakston|It‚Äôs always so nice hearing staff that work at the store talking about how dumb customers are because of simple questions being asked, definitely not okay. It was a woman with blunt black hair that worked may 31st 2022 wearing a green top at 7:16 pm near the front of the store|1
a year ago|Czarina Payopay|Dear H&M even if you dont allow returns for selected items, at least do so if a product is defective. Well what can a large company lose so you wont probably care. Talk about you get what you pay for principle|1
a year ago|Des zamkov|Went to Vaughan Mills last night Waited 25 minutes to get into the mall Picked out what I wanted from  H&M. Product I had to exchange still had tags on them and was told Sorry we can't exchange it. I was baffled as I have no issues anywhere else I was returning the same top just for a smaller size. Really Frustrating  .  Poor quality for customer service as not even the manager would try to come up with a solution.|1
a year ago|Tyrrel Tomlinson|This is the worst H&M in the GTA! Do not shop here. This store is run by some horrible troll Karen who yells at customers when they have issues. I tried to return two spring jackets I bought within the hour. The troll lady denied the refund because they were sale items. I was neither aware nor was I told that sale items were final when I was cashing out. (very dishonest policy but that‚Äôs another story)  She  (maybe a he?) then started shouting at me and so rudely stated that I couldn‚Äôt read because the return policy is on the receipt.  When I responded she charged at me and then threatened to call security on me (lowkey a racial attack because I‚Äôm a black male re: Central Park Karen lady)  I‚Äôm so disgusted. I will never shop at H&M again.|1
a year ago|Cindy Mahn|Went into the vaughanmills location on July 28th around 630pm  to shop and was treated with such rude and unapproachable manner by seems to be MOD on duty ..she was petite Asian and when i approached her to ask return policy for sale items and where the cash counter was..she rolled her  eyes and pointed at cash as i was inconveniencing her. Imagine the rest of the team must be treating other customers if the manager on duty was acting in such manner. I will not be returning tp thi location. Totally unprofessional manner. I will go to that location again.|1
3 years ago|SANTINO D|Don't shop at H&M. Tried to exchange an Xmas gift for my child. I had the pants in my hand the return and the exact same pants just 2 sizes larger. They refused to do the exchange. So arrogant and rude. We don't do exchanges without receipts. Same pants just larger and you say no. what is this world coming to. This company will definitely be out of business soon.|1
a year ago|Gabriella Ree|Messy store. Unhelpful workers. Asked one a question he completely ignored me and I asked again and he ignored me for a call on his radio intercom. Ended up not buying anything because 3 different employees walked into me and pushed passed me. Rather then waiting the 5 secs for me to get where I‚Äôm going.|1
5 years ago|Amirhossein Nosrati|This H&M is simply terrible in customer service. The employees are unprofessional in past couple of times I visited. Even the managers are rude with lack of knowledge about their own promotions. I visited other H&M and never had any problems but here in Vaughan Mills, every single time they drive me crazy. Could you please teach your employees and manager in this branch how to respect customers and teach them about H&M promotions and policies. I know H&M policies better than the managers that I had to show them the print out even once. So disgusting and disappointing! Never ever gonna shop in this branch.|1
4 years ago|kgolo ndlovu|This is the worst H&M i have been to in my entire life. I have lived in Sweden for many years and know how H&M operates. I go to the one in Eaton centre and Bloor, those are my local ones, the stuff is great and know how to keep their stores clean. But this time, we decided to go there thanks to the Lego Discovery Centre.  I had a terrible accident in there due to their negligence, and still nursing my injury 3 weeks later. They had no 1st aid kit, they were terrible with first aid, as a family we had to DIY the 1st aid. They took our details and said they were gonna check on me that very week. NEVER HAPPENED! I am still waiting, but 3 weeks later, come on.|1
3 years ago|Joseph K|Horrible service. Staff is extremely rude. I just got surgery and ask to have some stuff held at the front so I couldn‚Äôt carry is. They lost all the stuff I put in the front within a matter of 5 min. I had to go recollect what I could injured. Then she gave me back over $50 in 10s when there was bigger bills in the till and I asked for them.|1
2 years ago|Isaac N|I attempted to return a single item without a receipt at this store last weekend. They gave me a number to call customer service and C. service didn't do anything for me; useless. The manager at this store came off as EXTREMELY ARROGANT and rude. I'm not coming back here.|1
5 years ago|Yana Ab|This H&M provides unbelievably disgusting customer service. H&M itself is one of the best fashion retails and always has the best prices and qualities but staff here are extremely rude! If you think you call a manager and attitudes are going to change?! WRONG! Managers are the same...they are working there to ruin your shopping experience. If you call for help, they gonna ignore you...if you complain about that, they gonna blame you!!!!!! If you call this store for a check, no answer! If you want to pay for ur items, don't expect any kind of greeting at cash. Try to go to yorkdale or hillcrest mall! They provide good service|1
5 years ago|Natasha Bouyard|For the life of me I can't stand ANY of the employees at this location they are so rude, unhelpful, disrespectful and FULL OF ATTITUDE. H&M as a company is appreciated because of their selection of clothing and return policy...  but please please please, hire BETTER STAFF.|1
8 months ago|Lisa Wright|At no point did anyone approach to help! We left... not good.|1
3 years ago|Katelann Smith|A male manager yesterday i had an issue and  he was called to cash he didnt deal with the situation appropriately very rude and not listening to none of concerns and walked off and didnt resolve the issue .This H&M management team is very poor do not recommend shopping in here very mess in the store|1
4 months ago|MMVA|Really rude, unprofessional staffs.|1
5 years ago|Olenka Sv|In this location, Staff need to have more training to provide better customer service!! Employees are unprofessional! Customer service is much better in Yorkdale Mall.|1
7 months ago|TheVerdable|Terribly long lines. Barely staffed checkouts|1
4 years ago|Suzan Yalda|Love the Company- shop there often. Poor customer service very rude and unprofessional never satisfied when purchasing items.|1
3 years ago|Sassy Taisha|Cashier that deal with me didn't want me to use my discount and came up with stupid excuse. Very disappointed|1
4 months ago|Kruti|Zero customer service.|1
5 years ago|Micheal C|the white cashier with glasses, screwed up my checkout and forgot to take off the security tag of my tee. smh|1
a year ago|Devon Campbell|Never been here but google says I was|1
2 years ago|Karan KRG|Zero customer service dont bother to ask anything they will not help you!!|1
a year ago|yas daroo|Very rud and impolite staffs specially the managers|1
11 years ago|Matt Rependa|Parking is scarce, traffic in the vicinity is insane, the mall is too big to shop effecitvely. Yawn Mills.|1
4 years ago|vincevega0|Worst store.  Doesn‚Äôt treat people like humans. Don‚Äôt work here.|1
3 years ago|Rohan Punj|The staff rudely disconnects when you call the store. No courtesy. No customer service.|1
2 years ago|atinder jeet|poorest customer service ever , employee doesn‚Äôt know how to talk to customer|1
3 years ago|Nasir Vaidya|Worst quality of clothes.I will not buy it again|1
2 years ago|John Daniel|Worst customer service and employee are   been so rude towards customers.|1
a year ago|Rock NRoll|Low quality....stay away|1
9 months ago|F U|Lazy and rude|1
3 years ago|Miguel Gonzales|Never been there|1
3 years ago|suchita pathak||1
3 years ago|Asha Farah||1
4 years ago|Miss Chopra||1
3 years ago|Brian Cho||1
5 years ago|tanea 3112||1
a year ago|Lisa Ramcharan||1
3 years ago|John Dewit (Butterman187)||1
3 years ago|Anthony Stubbert||1
a year ago|Kevin Widmer||1
4 years ago|Riddhi Aggarwal||1
6 years ago|joseph jayadeep||1
3 years ago|klisandra noriega||1
4 years ago|Albab||1
3 years ago|Minh Nguyen||1
3 years ago|Soudabeh Hamzehi||1
7 years ago|Alexandr Raskin||1
4 years ago|Bryan Fung||1
2 years ago|ash z||1
4 years ago|Marina Di Nardo Porretta||1
8 months ago|Ari Katchen||1
3 years ago|Pratik Deshpande||1
4 years ago|Chay Jay||1
3 years ago|Rutu Patel||1
7 months ago|Marie C|Browsed around the store last Thursday morning. It seemed like everyone was working at a snails pace except for two staff members (the girl in the fitting room + a young man at the men‚Äôs pay/checkout area). Everyone else clearly needed some coffee. Store seemed tidy, wide selection of items to choose from but not the best customer service. I suggest shopping at another H&M location, or online|2
3 months ago|Asma Sajid Ali|No mirrors placed anywhere in the store. - a very elaborate strategy by management to make people go to the fitting rooms if they need a mirror.|2
a year ago|Patrick smith|I bought a scarf set with glove and tam I didn't notice one of the gloves was missing until I got home. I live way to far to go back for it so it's just a lost for me I mean I can still rock the scarf and tam but I had to use an old black glove I had to wear with my new one glove problem solved I guess but h&m needs to make sure their items are fully stock with all that comes with it. Other than that nice clothes.|2
4 years ago|anpanman|I loved the place a couple years ago but something changed, no it wasn‚Äôt the prices or the service. Something just felt off as if something or someone was missing, i can‚Äôt very well put my finger on it.. But i definitely miss whatever it was. I will admit some of the sales associates are amazing and they provide great service! Even when it gets busy the employees definitely know how to work under pressure delivering great customer service, at a very efficient rate! & they got rid of divided grey for men..|2
7 months ago|Vishal Pansheriya|To much expensive but less quantity.  Can't find good quality wearing|2
3 years ago|ARUN CAN|Not really the tidiest of H&M you might find around. The cloths are all mixed up and is really difficult to find a particular type. Being in Vaughan Mills makes it more crowded. Visit an H&M at a nearby mall near you and you can find what you are looking for much easily.|2
3 years ago|sanjay p|Stood at cashier while two employees walked right past me. A third employee came and said cash was closed. How about a sign? How about acknowledging a customer and saying this cash is closed but someone can help you at another cash. I left without  buying..|2
4 years ago|Zs√≥fia Halmai|Nothing special, only one of the hundreds of H&M locations. Used to have good deals as it's in an outlet mall but those good old days are gone...|2
a year ago|Kenneth Potato|It‚Äôs cheap retail I get it, but at least take the security tags off my clothes I bought ‚ò†Ô∏è.|2
2 years ago|Arwa Abbas|No good sales and choices for boys clothing. Nevertheless, customer service was very good.|2
11 years ago|Chris Smart|Hated it. Some good stores but the people that go here. omg|2
2 years ago|Eileen Pan|They downsized their area of kids fashion, probably due to covid|2
3 years ago|Ceacto Ceava|Customers need to take pride and not throw the merchandise on the floor.|2
2 years ago|Gifty Riverson|Not cheap better online|2
2 years ago|Mahir Dheendsa|After covid, poor choices|2
3 years ago|A O|Don‚Äôt like the stuff.|2
11 years ago|Chris Gerow|Terrible washrooms|2
a year ago|Agnes Callores||2
3 years ago|R Y||2
3 years ago|Abdullah Al Zubair||2
9 months ago|Nabeela Nushaira Rahman||2
2 years ago|Zivko Maurovic||2
4 years ago|Fenton Kwok||2
a year ago|Patrick Oh||2
2 years ago|valrie simmonds||2
3 years ago|Maggie Zhang||2
a year ago|Vaibs (Vaibz)||2
3 years ago|Poonam Rattu||2
4 months ago|Arsh Sran||2
4 years ago|Ra So||2
7 months ago|Thomas Ricci||2
a year ago|kerwin Cyrus||2
4 years ago|Safia Murtaza||2
4 years ago|Dhiraj Gupta||2
3 years ago|Brew||2
3 years ago|Altaf Patel||2
4 years ago|Faisal s||2
2 years ago|Maryam Ojani||2
a year ago|Josh Castillo|H&M at Vaughan Mills is a decent store to visit when looking for mens or womens apparel. The quality of clothing is not the best but fair for the price points. The store follows Covid-19 protocols and ensures everyone has a mask. The store is somewhat clean and organized. I'd recommend visiting other apparel stores but H&M is good enough as well.|3
4 months ago|Yousuf Meer|This place is good for shopping.  Specially the kid's section.|3
2 years ago|Najeeb Ashraf|Well, quite a decent collection for winter. Could have been better for women. However, the overall collection from spring and summer perspective is definitely a thumbs up.|3
2 years ago|Divyang Malvi|Big posters of huge discounts outside but very small portion of clothing was on sale with discount and even that looked old. I understand that it was because of COVID situation but still other brands had better selection.|3
4 years ago|B DV|I had a fair experience. The staff was friendly. My husband and I  were shopping for dress shirts for him. There was not a huge selection compared to the one at Eaton. Decent enough.|3
4 years ago|Paul S|Noticeable decline in the quality and style of clothing, everything seems to going to sweats, hardly any dress clothing like before. They are losing ground to their main competition ZARA. The staff are non exists except for a cashier and a couple folding clothes. Definitely not what they used to be, this should be a wake up call for H&M.|3
a year ago|R L|Store was organized, just can't seem to justify spending money at this store when there is a Uniqlo in the same mall|3
a year ago|Diana Simony|Regular store. Unfortunately they don't let you  go in with your kid to try on clothes... I won't come again.|3
3 years ago|ramona taharally|Bigger store, good selection & the usual prices.  Not to busy, parking easy.  Nothing special, no higher end style lines like downtown.|3
a year ago|Valentina Sandhu|Their kids clothes looks pretty much the same as 4 years ago. Nothing special.|3
3 years ago|l ferris|An inexpensive way to stay within trend. Very crowded; but worth it for inexpensive trendy basics. The quality here is definitely mixed.|3
2 months ago|Sayed nader Shah|It is nice store|3
4 years ago|Moulat ÿßŸÑÿ™ÿ®ÿ±ŸÉŸäŸÉ|I ise to loove H&m clothes but now i don't know what happend nuthing nice and the prices is so much even they have salle|3
2 years ago|Floyd Hodges|I called costumer service to put a pair of linen shorts on hold which i was told they have Took the Tole hwy got there and they didn't have no shorts for me|3
a year ago|Okelo|Good range of color of clothing, but not much for the men section|3
a month ago|Marcello Serpe|its ok|3
2 years ago|Vinay Yelavarthi|I don't see much collections in vaughan mills store. I would say visit Yorkdale or Eaton centre|3
7 months ago|David Collins|Some good priced items|3
2 years ago|Greg Greg|Nice store just wish there was better guy selection there for better price.|3
5 years ago|Shoval Solo|Nice big store but no A/C and it is too hot|3
a year ago|Nikki Huntley|Cashier forgot security tag  on my daughter's shoes.|3
3 years ago|Re Cha|Good prices but mostly not very good quality! Also items are not true to size most of the times!|3
3 years ago|Abdul Ala|Vaughan Mills location of H&M had good varity of clothing and staff is helpful|3
8 months ago|Hari Krishnan P|Good one for kids. .|3
a year ago|Desmond Sze|Did not find anything right with price.|3
6 years ago|nick knickle|The store doesn't really interest me it's just meh maybe other people would like the style of this store|3
8 months ago|Abrahim Farah|Clothes quality is getting worse|3
7 years ago|Rena Tabata|Located in a big mall, great place to buy basic clothing.|3
3 years ago|Osayande Agharese Vivian|They have nice stuff at affordable prices|3
a year ago|Nadia Ra|Lots of sale going on mostly large sizes are left|3
3 years ago|Angela Best|Its an h and m.... Not organized at all so hars to shop|3
3 years ago|Aman Saini|SOME SALES PERSON IS NOT SUPPORTIVE , EVEN THEY ARGUE WITH EACH OTHER IN FRONT OF THE CUSTOMER,I THINK MANAGEMENT HAVE TO DO SOMETHING ..|3
5 years ago|J K|Their clothing type is really a bit of a mess. Nothing for tall people.|3
2 years ago|Nitin|Not a good sale..no new variety..|3
3 years ago|Fatima Batool|You can find modest clothing here|3
4 years ago|Maria Carmen Yanez|A few years ago price and quality. Now.....|3
7 months ago|Jash Chem|Good|3
6 years ago|Jenn Yung|They need more mirrors and fitting rooms at this location.|3
2 years ago|Debora Nicoletti|Customer service could be better|3
3 years ago|Andrew Denney|Men‚Äôs cashier was impolite!|3
a month ago|Eagle Learn|go shopping|3
a year ago|Woojin Chun|There is a low in a stock|3
2 years ago|Yadwinder Singh|Ok|3
3 years ago|Hemant Taware|Ok|3
3 years ago|Sundeep Thakur|Decent collection|3
3 years ago|Ahmadreza Amidi|To item to select.|3
3 years ago|Kuks Nes|Okay|3
3 years ago|Darshan Kakadiya|Huge collection|3
2 months ago|Anders Ross|The stores have been refreshed but the Men's Line is not as good & lacking quality offerings.|3
a month ago|Hala Massara|(Translated by Google) I don't like their goods  (Original) ŸÑÿß ÿßÿ≠ÿ® ÿ®ÿ∂ÿßÿ¶ÿπŸáŸÖ|3
3 years ago|Inga Romanenko|(Translated by Google) I was looking for clothes for my teenage daughters. Unfortunately, the prices were too high, there were no promotions. I left disappointed even though I love this brand.  (Original) –Ø –∏—Å–∫–∞–ª–∞ –æ–¥–µ–∂–¥—É –¥–ª—è –º–æ–∏—Ö –¥–æ—á–µ—Ä–µ–π –ø–æ–¥—Ä–æ—Å—Ç–∫–æ–≤. –ö —Å–æ–∂–∞–ª–µ–Ω–∏—é, —Ü–µ–Ω—ã –±—ã–ª–∏ –∑–∞–≤—ã—à–µ–Ω—ã, –∞–∫—Ü–∏–π –Ω–µ –±—ã–ª–æ. –£—à–ª–∞ —Ä–∞–∑–æ—á–∞—Ä–æ–≤–∞–Ω–Ω–æ–π, —Ö–æ—Ç—è –æ—á–µ–Ω—å –ª—é–±–ª—é —ç—Ç–æ—Ç –±—Ä–µ–Ω–¥|3
3 years ago|Dany k||3
3 years ago|Augusto Duarte||3
3 years ago|bradley almond||3
11 months ago|Sandy Majumdar||3
3 years ago|Lori Boyer||3
3 years ago|Mab Gay||3
4 years ago|SnEhA P. PaTeL||3
2 years ago|Abhinav Chawla||3
4 months ago|Zouhir Kherroubi||3
3 years ago|maryam behroyan||3
4 years ago|dhrumil soni||3
4 years ago|Raj Sandhu||3
3 years ago|Stephanie A||3
8 months ago|Kathleen Forrester||3
4 years ago|Shivamohan M.P.||3
3 years ago|0n line||3
3 years ago|Galen Lau||3
a year ago|Kev S||3
8 months ago|Matthew Yeung||3
4 years ago|Linda T.||3
a year ago|Ravi P||3
4 months ago|Rajtanay Basu||3
3 years ago|Dimitar Kalendzhiev||3
3 years ago|The Seeker||3
3 years ago|Ann sonu||3
11 years ago|Rafael C Bizzotto||3
4 years ago|Phyzy Williams||3
a year ago|Amir Poter||3
3 years ago|Miniature Grape||3
9 months ago|Harry Kaur||3
4 years ago|Ariel Gomes||3
4 years ago|FUEL FRESH||3
4 months ago|Ishmeet Singh Sarna||3
2 years ago|Mark Lyon||3
4 years ago|Laura Rizzello||3
a year ago|Ahmad Waqar Hussain||3
4 years ago|Alexandre Sano||3
a year ago|Amritpal Singh||3
7 months ago|Sandra Mercier||3
5 months ago|Andrew Macedo||3
a year ago|Audley Blidgen||3
2 months ago|Violet Chau||3
a month ago|Joo-Hong Lee||3
a year ago|A Y||3
a year ago|Justin von Essen||3
3 weeks ago|Far K||3
3 years ago|Maulik Rana||3
3 years ago|karen summers||3
3 years ago|Simranjit Kaur||3
3 years ago|Kyle Hyunjin Kim||3
3 years ago|House Of Hasnain -Pakistan-Canada||3
2 years ago|Nisarg Chauhan||3
a year ago|Pankaj Singh||3
3 years ago|Anthony Ramirez||3
a year ago|Sajjad Mahmoudi||3
3 years ago|Gino Belvedere||3
9 months ago|Ahmadshah Alokozay||3
3 years ago|Rehana||3
3 years ago|Monika Vaid||3
3 years ago|Rosie||3
8 months ago|ANNA MARIYA VILSON||3
4 years ago|Jake Beju||3
3 years ago|Bhavesh||3
3 years ago|Matthew||3
4 years ago|Benson Ng||3
7 months ago|marina k||3
3 years ago|Sandra||3
a year ago|Darren Maharaj||3
4 years ago|Reet||3
4 years ago|Alex Szalma||3
3 years ago|Atefeh Sh||3
3 years ago|Abhishek Saini||3
4 years ago|urja joshi||3
3 years ago|Dina Amdur- Shore||3
2 years ago|Derek Yu||3
a month ago|Marvin Holder||3
3 years ago|Bobby kang||3
7 months ago|Kuo Chan Chiang||3
a year ago|Behzad Vafaei||3
4 years ago|Elcio Ricardo||3
3 years ago|Bharathi Chandra Nekkalapudi||3
3 years ago|zainab athman||3
3 years ago|Winfield Rambarran||3
a year ago|Susan Ravindran||3
a year ago|mary||3
3 years ago|Aamina||3
8 months ago|Chandni Khera||3
a year ago|Basil Varghese||3
4 years ago|MahD||3
3 years ago|Vishal Badha||3
8 months ago|Divyesh Savani||3
3 years ago|bhavesh modi||3
3 years ago|akanksha bhogal||3
4 years ago|Vincent Duparc||3
9 months ago|Akarsh Kumar||3
4 years ago|Artem Priadko||3
4 years ago|Bhavya R||3
4 years ago|Deanna Thompson||3
4 years ago|Shelly Rajaram||3
2 weeks ago|Busra Kotan||3
4 years ago|ying-kit law||3
2 years ago|Ainsley Beckford||3
a year ago|Reg Spencer||3
3 years ago|alap soni||3
a month ago|Kesar Bhatt||3
3 years ago|Laurie Nishida||3
11 months ago|Sneha Nambiar||3
4 years ago|Vishal Dharmani||3
4 years ago|Annie An||3
4 years ago|Fabiha AAsim||3
4 years ago|Raelene Wiseman||3
3 years ago|Huma Khan||3
3 years ago|Wander Tavares||3
4 years ago|James Turner||3
3 years ago|Melissa Pastore||3
11 months ago|Bakla Bunny||3
7 months ago|Lulu T||3
8 months ago|Kyle Rotenberg||3
4 years ago|Swiss Sakura||3
3 years ago|Kudret Aykut||3
a month ago|Kaur Kiran||3
6 months ago|Isaac Ennis||3
4 years ago|mabi gh||3
4 months ago|Jason Lai||3
8 months ago|Emily Sui||3
a week ago|Payal Singh|Didn't find very many options this time especially for men...but by and large great for casual wear|4
6 months ago|Aaron Baksh|Big location with plenty of selection and variety along with good deals, especially for kids clothing. Lineups can be long with limited amount of cashiers but cash registers in both men's and women section.|4
4 months ago|CC LARA|Employees were courteous albeit incompetent and inconsistent with phone customer service|4
6 months ago|eugenia falcon|I found good promotions.  The only thing is that, it would be worth it if people did not leave clothes lying around and disorganize them.|4
7 months ago|Emz DiZ SherTurkz (EmZDST)|Nice store a lot of choices to choose from from Baby, Kids, Men's and Women's clothing. A bit crowded.|4
a year ago|Maria M|I felt like this store, of all h&m's, had me a little bit lost. The same pants (or they looked the same) were in different spots so every time I saw black jeans I was disappointed because they were the same I saw before! Or maybe you just have a bunch of black jeans that look the same all over the store!|4
2 years ago|khan saab|They have a awsome collection of cloths. Love the quality of there cloths . Kids cloths are just wow.  Nice designs and great fabric. Store on vaughan mills takes covid19 precautions as well. Allow only limited people inside the store.|4
6 months ago|Linden Forbes|H&M is a store where clothing is purchased  the store is very white not in ethnicity just looks very white on inside theres white cellings white floors and white people|4
3 years ago|Brandon Bell|Great customer service, helped with quite a few suggestions and were very patient with our little ones. The cashier even helped us save a bit more by using the H&M app because ‚Äúdiapers are expensive‚Äù...I agree haha. Anyways my only problem was that a lot of the sizing wasn‚Äôt available and it was very disorganized (can forgive for a late Saturday afternoon visit). Staff were busy folding and putting clothes away, it‚Äôs just a shame customers can be so shameless and messy lol.|4
3 years ago|Tahn|Went here with my daughter, we bought her a childrens frozen watch/bracelet. The gentleman who helped us (I cannot find his name on our receipt just till 8 #5418) on the mens side cashed us out. He was so nice to our 3 year old and made conversation with her. Even asked if he could put it on for her, she loved it!!!|4
4 years ago|Chelle B|Normally the people here are nice and friendly and the service is good and fast when it's not peak times such as the weekend. Aside from the fact that once i was asked by an associate to prove I qas was with Virgin Mobile because of a discount I was using which I did not appreciate. Also, I bought a bathing suit before my trip and the associate helping me forgot to take off the huge tag / security sensor thing so i couldn't take it on my trip.|4
5 months ago|Braba Rasalin|Scandinavian Clothing store in Vaughan Mills mall.|4
7 months ago|Moe AbuRihan|Very reasonable prices .. could use more staff (or any staff) on the floor|4
4 years ago|Narinder Pal Singh|Good quality clothes at reasonable price.. ..they have sections for men  and women at Vaughan mills... trying room also available.. if you are virgin mobile user, you can get a discount here by getting a code from virgin member benefits...|4
8 months ago|ahmed raza|I visited last Saturday and there was an amazing sell|4
2 years ago|Kaela Stinchcombe|They do not carry many items in size xs or small. But overall my experience was good and no complaints|4
2 years ago|Hustle in Canada|Loved this place. Has got perfect outfits, got few tee for nightwear for $7. That's it for H&M. NOT BAD.|4
3 years ago|Camille Fenton|Staff is nice, lets of deals on clothing for back to school for kids. Could've find anything I like for myself,  but for the kids was good.|4
11 months ago|Mirza Ali Bashir Ahmad|Found not much variety and sizes this time maybe because of covid|4
3 years ago|Mukesh Bhalla|Good selection and reasonable prices. We got additional 10 ‚ÑÖ discount after sign up on their website.|4
4 years ago|Sabrina McGarry|Not much selection this time I went. And their kids cash is always closed. Why even have it there? Put more clothes there then! Lol|4
2 years ago|Meron|I am glad it's open, but due to covid situation the fitting room is closed. Therefore, you have to revisit if it didn't fit.|4
2 years ago|Kitwi Noel|Went to pick up a few t-shirts, quick in and out, it was my first time there|4
a year ago|Jerusha Chua|Pretty big H&M, well stocked, very bright.|4
2 months ago|Antoinette Manuel|Love the selection|4
3 years ago|Amasis Construction|You can find dress clothes and casual clothing at a reasonable price, the staff was friendly and helpful.|4
6 years ago|M Zohair Abbas|overall quality stuff , always compare with competitors then buy, panda is welcoming kids on Saturday 8/10/16'|4
a year ago|Captain Joey|the line tp get in was long but it was cool either way.|4
8 months ago|Gino Zeppettini|Load's of bargains available, shopping üõíüõçÔ∏è time ‚Ä¶|4
3 years ago|Nicholas C|One of the Male cashiers gave me attitude, trying to defend the quality of the product.|4
4 years ago|Maria Pasquariello|Decent, fashionable clothes, good for the whole family, many in-store  discounts today|4
3 months ago|Manu Takhtar|Great prices|4
a year ago|Nidhi Bhatt|Nice collection of outfits & less expensive too.|4
a year ago|Soma K Rajesh|Usual collections and there were some deals on few collections|4
a year ago|Fa Y|Good place to buy products for my kids|4
3 years ago|Gabby S|They have great selection , but thing go fastüòÑ ‚Ä¶|4
9 months ago|Gourav Rana|All men women clothings at a place|4
4 years ago|Wendy L|Good experience. Found what I needed. Friendly staff in the dressing rooms|4
a year ago|Nika Nikbakht|Some items have 50% discount.|4
3 years ago|Alisha panchal|Great place, good service. Could be more clean|4
3 years ago|Esha Patel|Great deals and upgraded fashion within the budget!|4
3 years ago|duk hur|Very good price and many stylish selections.|4
5 years ago|Amanda T|Store is big and has a good selection of clothes.|4
9 months ago|Ashok Patel|Reasonable and best quality!|4
4 years ago|K Nars|Always a great store to shop at, everyone is Friendly.|4
7 months ago|ehtesham jalali|Good|4
4 years ago|Joshua Packer|No cplaints, the wait for a cashier was not to long either.|4
6 years ago|sandeep bishnoi|Good price for their designer clothes.|4
3 years ago|Prashanth Dappula|Good selection of kids clothes|4
a year ago|Shumaila Butt|Best choice for clothing.|4
4 years ago|Skirmanta B|Nice for kid, maternity and casual clothing|4
2 years ago|Ikramullah Khan|Good variety and good prices|4
2 years ago|Ikramullah Khan|Good variety and good prices|4
6 months ago|Carine Hemans|Good options|4
3 years ago|Caroline Rosenblatt|Good value,  large selection|4
4 years ago|Kalyan V|Quick service. Good number of options.|4
6 months ago|Claire Basile|tank|4
4 years ago|Hardeep|Nice collection under budget|4
3 years ago|Sreejith Kayarat|Have nice collection of dresses|4
4 years ago|Sherry Saini|They have decent AC|4
10 years ago|Brian Medeiros|It's ok, too bad it's in the middle of nowhere.|4
3 years ago|Atta Ul Awal|Good place to buy clothes|4
3 years ago|Sophia Monteque|Reasonable priced clothing|4
3 years ago|Latanya Linton|Nice selection of clothing.|4
3 years ago|Victor Ned Obiora|Affordable and yet stylish.|4
4 years ago|Kuladevan Kularatnam|Clothes are little more expensive|4
a year ago|Ajay Gupta|Good collection|4
4 years ago|Saima Merchant (Saima)|Always good clothes|4
3 years ago|Basil Raza Butt|Good jackets and pants.|4
4 years ago|monika varshney|Very nice|4
4 years ago|Steve Formoso|Decent location here|4
4 years ago|Saad Al-Taie|Fitting room always busy !!!!|4
4 years ago|Nd Bd|Very nice place....|4
11 years ago|Andr√© Zanoncello|Big mall with lots of stores.|4
3 years ago|Basharat Madni|Less variety for menüôÅ ‚Ä¶|4
4 years ago|Carine Hemanscariehem09|Staff very helpful|4
2 years ago|Hardeep Singh Buttar|I like it|4
4 years ago|Yahia Aburrub|Good selection.|4
a year ago|Earl Homeward|Great shopping|4
4 years ago|Jamal Aburrub|Good collection.|4
2 years ago|RT Arts|nice and clean|4
3 years ago|Tahiyya Helmy|Good deals|4
4 years ago|Shin P (shino)|Nice and clean|4
4 years ago|Horto Ferramentas e Ferragens|Good|4
3 years ago|Henry Li|Large selection.|4
a year ago|Hamid Hussain|Visited with family|4
4 years ago|Vivek Dabas|Good stuff|4
3 years ago|Anwar|Clothing and others|4
a day ago|Palvi Bawa|Cheap and good|4
2 years ago|Danne Condello|Me gusta la ropa ponen buenas ofertas pero con el.tema de Covid los vestidores estan cerrados no me gusta comprar asi  (Translated by Google) I like the clothes they put out good offers but with the Covid issue the dressing rooms are closed I don't like to buy like that|4
a year ago|elie peretz|(Translated by Google) A big and beautiful place and many deals with a large selection  (Original) ◊û◊ß◊ï◊ù ◊í◊ì◊ï◊ú ◊ï◊ô◊§◊î ◊ï◊î◊®◊ë◊î ◊û◊ë◊¶◊¢◊ô◊ù ◊¢◊ù ◊û◊ë◊ó◊® ◊í◊ì◊ï◊ú|4
3 years ago|Zainab Fatmi||4
3 years ago|Eric Villeneuve||4
a month ago|Gboyega ‚ÄúAhcube‚Äù Adebukunola||4
3 years ago|Enna Hughes||4
3 years ago|Giorgio Salsiri||4
10 months ago|Sara Carrillo||4
2 months ago|Giuliana Apollinaro||4
3 years ago|Jamie Maing||4
4 years ago|Saheethan Uthayasundaram||4
4 years ago|Garwain Blackwood||4
3 years ago|Raman Deep Singh||4
7 months ago|Frank Perito||4
3 years ago|aum patel||4
2 months ago|See the World||4
5 months ago|Diptesh Roy||4
9 months ago|haidar alkarar||4
a year ago|Anchal||4
3 years ago|Ray Latchman||4
5 months ago|Octavia Blake||4
3 years ago|Zahra Salamati||4
3 years ago|Joon||4
3 months ago|ARPAN DANDAPAT||4
a year ago|Angad Waraich||4
4 years ago|Piyush Jain||4
5 months ago|L√≥ris Andrade da Silva||4
3 years ago|Mark Michael||4
2 months ago|Gurujant Singh||4
3 years ago|Sunx5 S||4
3 years ago|Benedicta Martinez||4
2 years ago|Thirukkumaran Sivaganesan||4
5 years ago|Morteza Fadaee||4
3 months ago|Diana Williams||4
3 months ago|Welsa chy||4
4 years ago|Dom G||4
11 months ago|Tyson Phuong||4
3 years ago|Nuri Ozogul||4
a month ago|Fernando Aspiazu||4
3 years ago|Kal Radia||4
4 years ago|Peter Sang||4
3 years ago|Isakov Boris||4
9 months ago|Adrian Santana||4
10 months ago|Nicholas Costa||4
2 years ago|Neil Brian||4
3 years ago|Inder kaur||4
a year ago|seif eddine Bechane||4
4 years ago|Soaga Adewale||4
a year ago|shaifali ladva||4
a year ago|saini n||4
11 months ago|Alan Lam||4
a year ago|Jose A. Archila||4
5 months ago|Fernando Aspiazu||4
3 years ago|Emma Akpabio||4
4 years ago|Luisa De Los Santos||4
2 months ago|Ratnaveer Khobragade||4
a year ago|Alan Karadin||4
a year ago|Jaime Biancchi||4
3 months ago|riya rana||4
2 years ago|Kesha Patel||4
3 years ago|Dorin Gherghelegiu||4
10 months ago|Doddo Baloch||4
4 years ago|Mustafa Behrainwala||4
4 years ago|Marissa Khoia||4
4 years ago|Reza Moosavi||4
a year ago|Roop Ahluwalia||4
4 months ago|sairam kattamuri||4
3 years ago|Natalia Peresunko||4
3 years ago|Enio Arrieta||4
4 years ago|Casey Vong||4
a week ago|Sarabjit Singh||4
4 months ago|Raghava Reddy||4
2 months ago|Star00000Struck C.||4
8 months ago|Natasha Fernandes||4
2 days ago|Teosha Farquharson||4
3 years ago|Frantz Joassin||4
4 years ago|Eugene Berkal||4
3 years ago|Hansika Prem||4
a month ago|Kiruthika Kugadasan||4
5 months ago|Roger Sanchez||4
a year ago|Giovani Pereira||4
2 years ago|Yusuf Hariyanawala||4
3 years ago|Rodrigo Souza||4
3 years ago|Mahmoud||4
11 months ago|Michael Thai||4
12 years ago|Paul Magda||4
3 years ago|Zara Ha||4
6 years ago|anss||4
4 years ago|Girmay Hagos||4
3 years ago|Ruy Chaves||4
3 years ago|Meryum||4
a year ago|Priyanshi Parekh||4
3 years ago|G Chin||4
3 years ago|lele altamirano||4
10 months ago|jacko canada||4
4 years ago|sanjana patel||4
3 years ago|Lombardi Eduardo||4
a year ago|ej cruz||4
3 years ago|D Nawabi||4
3 years ago|Ali Mosleh||4
2 years ago|RICARDO PALMER||4
10 months ago|Gabriel Leung||4
8 months ago|KP SPRING||4
10 months ago|Rico Leonelli||4
3 years ago|cesar andino||4
11 months ago|Madhavi Trivedi||4
3 months ago|G - Sandhu||4
a year ago|Alex Ryzhak||4
a year ago|J D||4
11 years ago|F L||4
7 months ago|Joy C.C.||4
3 years ago|Nigel Kelly||4
2 years ago|P||4
4 months ago|Marcia Folkes||4
3 years ago|Danh Nguyen||4
2 years ago|Feby Anna Jose||4
3 years ago|K. N. Cheema||4
2 years ago|shrooq nairoukh||4
5 months ago|Miguel Rodr√≠guez||4
3 years ago|Steven La||4
a year ago|Chelsea Mara||4
a year ago|Urvish Patel||4
a month ago|Lisa Botelho||4
4 years ago|Mandi Oh Zee||4
9 months ago|jas rana||4
a year ago|Philip Yoon||4
4 years ago|Jordan V||4
a month ago|Sunny AuYeung||4
3 years ago|abtinn||4
10 months ago|Jiwan Gupta||4
3 years ago|Jatinder Thethi||4
3 years ago|deepak kumar||4
4 years ago|Vic Lun||4
3 years ago|Mainur Khaibullina||4
4 years ago|Judit Schaffer||4
3 months ago|Maria EdR||4
4 years ago|Maribel Salazar||4
11 months ago|Sanjay Hirpara||4
a year ago|Meghna Patel||4
4 years ago|kat||4
4 years ago|pradeep kn||4
4 years ago|Vishal Vij||4
4 years ago|Joseph Vetro||4
a month ago|Aehtsham Shah||4
3 years ago|Junior Loreto||4
7 months ago|Arsheya tripathi||4
3 years ago|Archchana Dominique||4
4 years ago|DomTheBomb||4
3 years ago|monika||4
2 years ago|Nawar Mahdi||4
3 years ago|Tariq Qureshey||4
3 years ago|Kunle Adeniyi||4
2 years ago|Jose Moncada||4
3 years ago|Leon Saraga||4
3 years ago|sanosh se||4
10 years ago|francisco milagre||4
4 years ago|ashish||4
4 years ago|CM_ Kuncham||4
3 years ago|Hesam Movagharnejad||4
4 years ago|NEEL PATEL||4
a month ago|Nawaf A||4
2 months ago|nasir hussain||4
6 months ago|Karl Chase||4
8 months ago|kwokyer||4
4 years ago|Nathalie OSWELL||4
3 years ago|Soheil Jafari||4
3 years ago|Jessica Simao||4
4 years ago|Kam Singh||4
3 years ago|Satvir Singh Grewal||4
4 years ago|Isma Baig||4
6 months ago|Arvinder Kreer||4
4 years ago|michael correia||4
3 years ago|R Ta||4
3 years ago|Cumhur||4
8 months ago|Vaibhav Sharma||4
a year ago|S Parker||4
a year ago|Rossine Galo||4
3 years ago|Stephanie Ramkissoon||4
3 years ago|Gladys Lanz||4
a year ago|Nur-a-afsary khan Dristy||4
3 years ago|David Tat||4
a year ago|L A Majoka||4
a year ago|Christina Nikoviotis||4
3 years ago|MAC INFOMEDIA||4
4 years ago|Mhey7||4
a year ago|Ankush Singla||4
3 years ago|Krina Turakhia||4
4 years ago|Anjali Sinha||4
4 years ago|Jenifer Chen||4
3 years ago|Tanisha Chambers||4
a year ago|Joe Rasonabe||4
4 years ago|shahab alizadeh||4
a year ago|KOLA EKE||4
4 years ago|pankaj rajput||4
3 years ago|Mary sharon||4
a year ago|Vijay Patel||4
5 months ago|TQ NDo (Mon J)||4
a month ago|Raj Buch||4
a year ago|Sparsh Sharma||4
3 years ago|Gavin Chi Hang Wong||4
4 years ago|BULI√áOSO TECH||4
3 years ago|Praveen Kumar||4
4 years ago|Waqas Ahmad||4
9 months ago|Cathy Rakovitis||4
3 years ago|Vinol D'costa||4
9 months ago|Mazyar Ziyaeyan||4
3 years ago|Kevin R||4
8 months ago|Farshid||4
a year ago|Krishna Kanth Gadamsetty||4
3 years ago|Giuliano Mendolia||4
3 years ago|Luis Ramos||4
4 years ago|Bocar Sow||4
4 years ago|Aravindh Kulasekara Alwar||4
7 months ago|Deepak K||4
3 years ago|◊ê◊ï◊§◊ß ◊©◊õ◊ò◊®||4
8 months ago|5onic||4
3 years ago|faranak yousef navahsi||4
4 years ago|Alessandro Petrillo||4
11 years ago|Avi Klempner||4
a year ago|Samski C||4
3 years ago|Kevin Johnson||4
3 years ago|Ivan H||4
a year ago|Janki Patel||4
3 years ago|Waseem Ahmad||4
3 years ago|M Khan||4
2 months ago|Dawn Allen||4
4 years ago|Prashant Bhagat||4
5 months ago|Andrew Chau||4
4 years ago|Katie Tiffney||4
4 years ago|Prabha Sharma||4
4 years ago|Bekir D√∂nmez||4
3 years ago|Manasa||4
3 years ago|Jayesh Jariwala||4
4 years ago|Tara Shannon||4
4 years ago|Raakhi Hoq||4
3 months ago|Black devil 14||4
8 months ago|Israel Rapaport||4
4 years ago|Seka Nadima||4
3 months ago|Rafeena - Certified Life Coach||4
a year ago|Ryan Neal||4
a month ago|Andy Mok||4
3 years ago|Vojkan Zivkovic||4
3 years ago|hatice yigit||4
a month ago|Sam Sam||4
3 years ago|ROHAN KUMAR||4
4 years ago|meny :||4
3 years ago|Gi||4
3 years ago|mihaela farcas||4
2 years ago|abdulelah Bamusa||4
3 years ago|Ahmed Rizvi||4
5 months ago|Manish Pandya||4
3 years ago|Kevin Shah||4
a year ago|Stuart Simpson||4
a year ago|Bibi Hoosmanally||4
12 years ago|Enrico Sacchetti||4
a year ago|Kayvan Mazhar||4
3 years ago|Deborah D'Orazio||4
6 months ago|Kai Kariti||4
3 months ago|Althea Gear||4
4 years ago|Jason Wilson||4
3 years ago|Pradeepa MS||4
7 months ago|Rachana Kandari||4
3 years ago|Tano Salerno||4
4 years ago|Rehmanuddin Khan||4
10 months ago|Hojjatollah Izady||4
3 months ago|lisa white||4
a year ago|Í≥†ÌòÑÏûÑ (happ)||4
5 months ago|Harsh Togadiya||4
3 years ago|Ekaterina Malishevskaya||4
8 months ago|Sukhdeep Dhillon||4
3 years ago|Abhinav Sood||4
3 years ago|Moiz Ali||4
4 years ago|Joey Kain||4
a year ago|Florentina Moraru (Flory)||4
a year ago|Ahmed Basha||4
4 years ago|Douglas Carvalho||4
3 years ago|N S||4
4 years ago|Vik K||4
a year ago|Alaa Sedki||4
3 years ago|Toni zovo||4
a year ago|Trang Ho√†ng||4
3 years ago|Louise Carri√®re||4
a month ago|amandeep kaur||4
a year ago|George Jayakumar||4
a month ago|Abhinav Shrivastava||4
4 years ago|renzo reano||4
3 years ago|Jun Erlano||4
3 years ago|Michael Mossiagin||4
4 years ago|Sneha Chauhan||4
a year ago|Daniela De Simone||4
4 years ago|jenny chau||4
13 hours ago|Nian S||4
a year ago|Michelle Muir||4
6 months ago|Noorayn Meraj||4
2 years ago|Narayana Pillai||4
3 years ago|edward shimon||4
3 years ago|Norton Canada|Really nice clothing store! There is a wide selection of clothing for kids! Staff is really helfful. Really nice clothing store! Overall a great clothing store! I highly recommend this place!|5
11 months ago|Jojo Ariate|I love H & M, never a time a left the place empty handed. So many fabulous items you can get at a fair price. The place is always on the go with current trends which what i love about them|5
a month ago|Abhishek Nagda|Prices are very reasonable. The quality is decent.|5
2 years ago|Dayani Palamakumbura|Good choices of clothes to choose from for little kids to teens. Good.safety measure and staff is also very helpful.|5
7 months ago|Imroz Khan|Very decent prices for quality clothing. They have large variety for Men and Women, not so much for babies.|5
7 months ago|Danielle Chudnovski|I love shopping in this store, always has nice clothing and so fashionable.|5
a year ago|Rosetta Attisano|Hi..just read a review where H&M didnt exchange your purchase. This is not correct. Due to covid their policy allows 30 days exchange as you cannot try on clothes at the store or you choose not too. Try another location im sure you will succeed. I did exact same thing with no issues..Heartland location.|5
a year ago|Egor Kapko|Great sales in time for Christmas. Honestly clothes are all the same year after year but everything is fairly priced and quality reflects it.|5
7 months ago|madiha chatha|Jeremy was great, thanks for cashing us out so quick!|5
a year ago|Roman Abbas|Thank you very, Michelle, for your help, patience and guidance! It was my first experience using Instacart, and I was having some difficulties. I was given a task to pick up clothes for my uncle who is getting married. I picked up a women's blouse and kids pants for my uncle. LOL! Michelle was my saviour who didn't make assumptions and constantly communicated everything over the app. She asked all the right questions and quickly figured out my mistake. She helped me pick the right clothes and guided me every step of the way! Thank you very much, Michelle, for going above and beyond the call of duty! It was already a very stressful day for me, and your presence of mind saved me! I wish you all the success in the world.|5
5 months ago|Manan Kaura|Nice selection of kids clothes|5
3 months ago|Dharambir Singh|Nice place of market for all things|5
2 years ago|Google Mail|You can find bargains under $10 - amazing price/quality. This store could have more employees as it's not always easy to find items. Expect a long check out queue.|5
a year ago|Lorne Tarnow|Excellent store with very helpful staff and very good selection of both menswear and women's fashions.|5
4 years ago|R Tso|Good sales. Very organized store. Don't expect high quality clothes. It's just affordable clothes you wear and get rid of once they've served their purpose.|5
4 years ago|Monica Oberoi Burns|Large H&M with wide selection of women's, men's, and children's clothing. This location does not have home items. There is an entrance from outside the mall as well as access to the store through the mall. This H&M location keeps mall hours and opens and closes at the same time as mall hours are stated. Although Vaughan Mills does have some outlet stores, this H&M is NOT an outlet, it is a regular clothing store with the same in season clothing items available at other locations and online.|5
4 years ago|Fuad Fikret|I used to work in a  stores like D&G,EA,Gucci and i know what means buy expansive stuff.i Also understand that give a lot of momey for just clothes its kind of,you know...H&M is the store where the price range and style makes me feel comfortable.Thank you H&M you are one of my favourite Brands.|5
10 years ago|Joy Hawkins|I love the stores in this mall.  To highlight a few, they have an UGG store, which is awesome.  They are also getting a Legoland in March which basically will make every child want to go shopping with their mother.  The Bass Pro makes my husband actually okay with going shopping with me and they have a Safari store that is like a huge pet store which is very fun for kids.  The layout of the mall is great and it's really easy to get around for people who are disabled.  My husband pulled a tendon in his leg and can't walk at the moment and they had motorized scooter so he was able to get around easily.|5
4 years ago|Bal Cheema|Large collection of clothing for men, women, and children. Located conveniently with in Vaughan Mills Mall with access from inside the mall and parking lot. Genuine sales items available. Must check out for yout clothing needs.|5
a year ago|Urvesh Panchal|It's a good store. I do shop here once in a while.|5
7 months ago|Aashma Shah|I was surprised by the summer collection here and good deals!|5
5 years ago|Sandy R|The Best store ! Lot of collections for men and women clothing. Good customer service and the staffs are very helpful. Got good deals ! Its good to Subscribe their promotions and buy clothes during their best deals|5
6 months ago|Shayan Shirvani|Well priced clothing, clean store.|5
3 years ago|Erum Shaikh|Sam is the best cashier si far my experience at h&m. Giving suggestions and have patience with customers he is number one in it. God bless you.|5
a year ago|Soca Baby|Love this store. The staff are wonderful. Great customer service|5
2 years ago|Jen D. Fabico-Smith|One of the better H&M stores in York Region/GTA. There's a lot of space and have a lot of variety for products.|5
4 years ago|Lisa Melatti|Always find great quality trendy clothing at H&M prices are very reasonable. Nice styles & good selections|5
3 months ago|Niasha Mckenzie|Clean/ helpful staff|5
3 years ago|Akanksha Koundal|We loved going to this location of H & M at Vaughan mill shopping centre. Huge collection of things for males as well as females.|5
8 months ago|Dr. Shivam Patel (Dr. Patel)|Should try thier season end deals|5
3 years ago|Mahesh Ramdas|Staff are not the best, but you will find cheap and best deals for sure I this store|5
a year ago|baldeep Kaur|They have good collection of summer clothes at reasonable prices|5
2 years ago|Fanshowe Here|Great place, get great help from Mr Marten, the person working in men's department. really great person.|5
3 years ago|Julian Tamburro|Great selection of clothes and the employees are all so friendly and helpful.|5
10 months ago|Fiorino Guido|great selection of clothes from men to women stay stylish without breaking the bank highly recommended|5
a month ago|Magik Print|Nice stuff..|5
2 years ago|S K|Got lovely clothes for kids. Some of them even at discounted rates.|5
4 years ago|Marisa Garro|Great staff. Wonderful managers. Busy but staff always helps out if asked.|5
4 years ago|Aman Rai|In one place you can shop for yourself,hubby and  kids together. Loved kids sections..|5
3 years ago|Clifford Gomes|It's actually uplifted it's 2019 summer clothing line all across the platform be it kids, menswear or womenswear|5
9 months ago|Salma|I like H&M is my favorite store|5
a year ago|Ankit Khandelwal|Well planned store with helpful staff|5
4 years ago|Tuba Akbas|Hm so cheap and really baby clothing very quality .. my second baby coming i buy more clothing here again bodysuit very qualty|5
a year ago|Babar Bari|Very compatible price for all products.|5
5 years ago|jin kazama|This is one of tbe best H&Ms. It has a lot of products with good sales most of the times|5
3 years ago|Natasha Deza|Great selection of kids clothes and fab pieces for mommy too !!!|5
3 years ago|Iam Toff|Well kept and has great sales for ok quality clothes|5
3 years ago|Ali Hussain|Very large variety and fast check out always deals on|5
3 years ago|Munim Nazir|Its the most affordable and good quality clothing store in Brampton|5
a year ago|Dr.mohsen Alfrisany|Nice good prices and prans.|5
3 years ago|Anthony Frade|Its H&M and it's always exactly what you expect, not a bad thing|5
3 years ago|Miguel Pereira|Great staff and fantastic customer service. Worth the drive.|5
4 years ago|Lucie Snow|Yaz was most helpful. Exchange was done seamlessly.  Great service|5
3 years ago|sukhwinder panesar|Its very nice good varieties in men clothes|5
2 months ago|Roger Grossi|Lots of selection|5
3 years ago|Shazim Hosein|Very good service 2 guys at the cash were very helpful|5
a year ago|Gurjoban Singh|Variety of stuff to buy for men women and children.|5
a year ago|Mahmoud Aablue|You can easily find what you are looking for!|5
9 months ago|Dan To|Everything you'd expect of an H&M|5
3 years ago|Sijohn|Good collections with good offers on timely basis.|5
3 years ago|Sean Flanagan|Great selection, decent prices.|5
5 months ago|Bala Harendran|best|5
3 years ago|Farhan Hossein|Lots of good stores for shopping and also dining.|5
2 years ago|Satwinder Bhatti|Nice place for quick walk in shopping or window shopping.|5
4 years ago|Ahmed Harith|Great selection .. Always new arrivals|5
3 years ago|Daniel Duncan|Good variety of clothes at a good price|5
3 years ago|Amreen Shafiuddin|Favourite store Good discounts Good collections|5
3 years ago|Valmont Chouinard|Great prices, great service as well.|5
10 years ago|mark m|Lots of stores, decent parking. Crazy busy on weekends|5
3 years ago|charchil patel|Good place to buy affordable clothes|5
3 years ago|Roy family|Lots of selection. Good sales.|5
3 years ago|King BlackHole|Excellent merchandise quality and customer service|5
a year ago|malkit singh tak|love the staff and variety|5
3 years ago|Saleh Ali Saleh|Like to pass on always .. Maybe I can get a something l like|5
5 years ago|Ida Perry|Great prices on there clothing|5
4 years ago|Ankur Shah|Nice place and Good collection.|5
4 years ago|Mohammed Hosny Eid|Nice shirts for good prices|5
11 months ago|Yusuf K√∂ker|Cheep and good clothes...|5
4 years ago|West T|By far my favourite H&M.|5
10 months ago|Marvin|Very very very clean for an H&M|5
a year ago|Gurpreet Singh|Good Stuff|5
3 years ago|biren parmar|Good collection for all budjets|5
3 years ago|International Sourcing|Very helpful and nice staff!|5
8 months ago|Mar CT|Amazing|5
a year ago|jass karan|Best collection|5
a year ago|Manish Singh|Nice, reasonable üëå ‚Ä¶|5
a year ago|Javier Candelo|Love it|5
3 years ago|Veeresh Deyannavar|Good mall|5
3 years ago|Shazia|Easy go|5
4 years ago|Monal Gosai|üòé ‚Ä¶|5
11 months ago|Aakash Jadhav|Excellent|5
11 months ago|Harmandeep Kaur|Amazing|5
4 years ago|rina mukherjee|Very nice|5
4 years ago|sravan kumar Chowdarypeta|I love H & M..|5
a year ago|FT 786|Nice dresses|5
a year ago|Eyas Orabi|I love H&M|5
3 years ago|lihui wang|Buy, buy, good place to shop|5
2 years ago|Hill|Has a lot of inventory|5
a year ago|Taimoor Malhi|Love it|5
a year ago|Chef paul Sanchez|Good|5
a year ago|Mir Hamid Yousaf|Lovely|5
3 years ago|Chirag Bhayani|Great collection.|5
3 years ago|Priyanka Narula|Love it|5
3 years ago|Wilman Hernan Vargas Alfonso|Love it|5
2 years ago|Smit Panchani|Good collection|5
4 years ago|Garima Kumar|Favorite store!|5
2 years ago|Emmanuel Iakoubov|Good, clean|5
3 years ago|CLAYTON WILLIAMS|Reasonable prices|5
3 years ago|Hari Kiran K|Love it|5
a year ago|Ana Lidi Paulino Abreu|Super|5
a year ago|singh sonkey|Nice place|5
3 years ago|Abhinav Sood|Good variety|5
3 years ago|Jayesh Solanky|Nice shopping place|5
3 years ago|Nimitha Shajahan|Love the collection|5
4 years ago|Akashdeep Bansal|Good collection|5
7 months ago|Sam Forbes|H&M|5
3 years ago|tania ramos|Great|5
3 years ago|Srinivasa|well priced|5
3 years ago|Waqas Chaudhry|üëçüòä ‚Ä¶|5
4 years ago|SALƒ∞H ≈ûƒ∞M≈ûEK|Nice|5
3 years ago|Tuan Bui|Good|5
12 years ago|Rivard Shatkin|Good prices|5
2 years ago|Jeetendra Joshi|Great bargains|5
3 years ago|Manpreet Kaur|Amazing|5
4 years ago|Arvind Kamble|Best choices|5
3 years ago|Lagan Arora|üëåüëåüëå ‚Ä¶|5
a year ago|nischay shah|Excellent!!!|5
3 years ago|EBRAHIM SAYYED|Good stuff|5
4 years ago|Rita Simone Pedra|Nice store|5
4 years ago|Thivagaran Mahalingam|Lot of selections|5
3 years ago|Alejandro Piluri|Good service|5
4 years ago|Olubunmi Jones|Affordable clothing|5
2 years ago|Fizza Khan|Helpful stuff|5
3 years ago|Sherry DeCoste|Great place|5
2 years ago|Cornelia Byfield|Fine style|5
2 years ago|Well Play|Nice  place|5
4 years ago|Pravin Khatri|Clothing stores|5
2 months ago|Raquel Nolasco Balboa|Super encantada con esta experiencia  (Translated by Google) Super delighted with this experience|5
10 months ago|Claudia Martinez|Una tienda que me encanta  (Translated by Google) A store that I love|5
2 years ago|ÎàÑÎ¶¨ÎûëÎ¨¥Îãà|(Translated by Google) I like it because there are many things  (Original) Î¨ºÍ±¥Ïù¥ ÎßéÏïÑÏÑú Ï¢ãÏïÑÏöî|5
4 years ago|Cristina Arpini|(Translated by Google) It has everything you are looking for.  (Original) Tem tudo o que voc√™ procura.|5
8 months ago|Vanessa Juns|(Translated by Google) Good  (Original) Boa|5
4 years ago|ehsan nabovati|(Translated by Google) Cheap and quality  (Original) ÿßÿ±ÿ≤ÿßŸÜ Ÿà ÿ®ÿß ⁄©€åŸÅ€åÿ™ ÿßÿ≥ÿ™|5
3 years ago|noura sabbagh|(Translated by Google) Affordable prices for everyone  (Original) ÿßÿ≥ÿπÿßÿ± ŸÖŸÜÿßÿ≥ÿ®Ÿá ŸÑŸÑÿ¨ŸÖŸäÿπ|5
2 years ago|Mahyar Moharer||5
2 years ago|Albert Steve|Excellent|5
4 years ago|Samsung Blanco|Bueno  (Translated by Google) Well|5
4 years ago|victroll zambrano|Homer & Marge|5
3 months ago|Almer Joy Matias||5
2 years ago|Nikki Benz||5
2 years ago|Giselle Binns||5
3 years ago|Juan Marletto||5
7 months ago|DA4KINGZ||5
a year ago|Harman Gill||5
3 years ago|Neal Riddick||5
3 years ago|Unaiza Malik||5
3 years ago|Gurvinder Kaur||5
2 years ago|apoorva parakh||5
2 years ago|Dolar Patel||5
a year ago|Harparneet Singh||5
6 months ago|Felicia Gopi||5
a year ago|Drishti Gupta||5
a year ago|Devang Chaudhary||5
3 years ago|Amanda V||5
3 years ago|Rasool Fatemi||5
5 months ago|Kaushik Sen||5
4 years ago|Arash kaur||5
4 years ago|Alan Origel||5
7 months ago|Lourdes L Da Paz Guerra||5
3 years ago|Amit Chaudhary||5
3 years ago|DS L||5
4 years ago|Sawan Chaudhary||5
4 years ago|Cameron Watson||5
3 years ago|Nakiba Browne||5
3 years ago|Tormighty||5
2 years ago|Jos√© Manuel G√≥mez||5
a year ago|Gandharva Krishna||5
a year ago|M. Murtaza Qureshi||5
3 years ago|Ezgi Cennet Kosak||5
6 months ago|Dhruvi Shah||5
4 years ago|Nidhi Patel||5
a year ago|Brian Ip||5
a year ago|Lovepreet Singh||5
a year ago|Simone Benoit||5
6 months ago|Ali Bafagih||5
6 months ago|Harshang Shah||5
3 years ago|Darius Dickson||5
2 years ago|AJ COLAVITO||5
2 years ago|Zaynab M||5
3 years ago|Tiffany Chen||5
9 months ago|Darshan Mistry||5
3 years ago|Jeanette B||5
7 months ago|Payman Ahmadi||5
3 years ago|khushbu dave||5
3 years ago|Hazkeel Khan||5
3 years ago|zenab kazmi||5
3 years ago|Nav P||5
3 years ago|Jessica Gelinas||5
10 months ago|Kate Sincariova||5
3 years ago|rohit verma||5
5 months ago|Ranmit Kaur||5
4 years ago|donald Adams||5
4 years ago|Krystal M||5
4 years ago|Yako Youkhaanis||5
3 years ago|Carlos Germ√°n Sevilla Moreno||5
2 years ago|Porteria Barker||5
3 years ago|Guilherme Mesanelli||5
2 years ago|Moshe Talkar||5
3 years ago|selva fleitas||5
2 years ago|Falak Sheth||5
3 years ago|Kelly Chen||5
3 years ago|KoalaCat||5
4 years ago|Mei Beesh||5
4 years ago|Reza Rabani||5
3 years ago|Vijay Balliram||5
a year ago|F K||5
8 months ago|Ehsan Esmaeeli||5
10 months ago|946||5
3 years ago|srikanth reddy||5
3 years ago|Jeannelle Okereke-Iheme||5
2 years ago|Payal Pandey||5
4 years ago|Kishan Thakkar||5
7 months ago|Israel Otchengco||5
a year ago|Melanie Isabel Rodriguez Caicedo||5
4 months ago|Bhargavi Yadav||5
9 months ago|Christina Barry||5
2 years ago|Sergey Samehov||5
a week ago|Kamini Chaudhary||5
2 months ago|dan mills||5
a year ago|DALJIT SINGH||5
2 years ago|David Escudero||5
2 months ago|Maria||5
4 years ago|Mayuran Sahadevan||5
3 years ago|Lara Navosha||5
3 years ago|Gagandeep Singh||5
a year ago|Lois Cooper||5
a year ago|Mariel Morales||5
3 years ago|Yutong Liu||5
3 years ago|Jessie Pegelo||5
3 years ago|David||5
3 years ago|Natalie||5
11 months ago|Nashita Hossain||5
4 years ago|Ehsan R.H||5
3 years ago|farzana ahmed||5
4 years ago|Melanie Mclean||5
3 years ago|Ramon Walton||5
3 years ago|celik_ _123||5
3 years ago|Aarushi Manocha||5
3 years ago|Ingrid M||5
8 months ago|Ashur Oraha||5
3 years ago|Katarina Mitrovic||5
a year ago|O.n garraway||5
3 years ago|Deborah Mariel Hemsani||5
a year ago|Henna By Ramnik||5
2 years ago|Rimpledeep Kaur||5
6 months ago|Tarandeep Gill||5
4 years ago|Jatinderjit Sran||5
3 years ago|Maulik Jaiswal||5
3 years ago|Rakib Khan||5
3 years ago|Elvira Sanz||5
a month ago|puneet arora||5
2 years ago|Lisa Gibbs||5
3 years ago|David Tran||5
10 years ago|Daniel Hamilton||5
3 years ago|Lelio Galdino Rosa||5
3 years ago|Ramesh Moorthy||5
3 years ago|Varya Ov||5
2 years ago|Assad Saeed||5
4 years ago|Yvonne Tumabil||5
4 years ago|Manbir Kaur||5
4 years ago|natalia saiutina||5
4 years ago|Alex Lutsenko||5
a year ago|Jyoti Rusia||5
3 years ago|Nikkita Sethi||5
a year ago|munawwar shaikh||5
a month ago|Esha Mishra||5
3 years ago|Don Davis||5
a year ago|karanjot kaur||5
3 years ago|osirisgomez@gmail.com Gomez||5
4 years ago|Antonio Zambri||5
3 years ago|Chef S. Dankha||5
2 years ago|Supratik Das||5
4 months ago|Alexi omg||5
a year ago|Micheal B||5
4 years ago|Greg Carnovale||5
3 years ago|LLminx||5
a year ago|C M||5
3 years ago|Alejandra Rojas||5
7 months ago|Apoorv Nagpal||5
9 months ago|thushyanthan suriyakumar||5
3 months ago|Earl Justin Laforga||5
7 months ago|Fer Ros||5
4 years ago|Ehsan Abd||5
4 years ago|nancy mckee||5
7 months ago|Abdul Kader||5
3 years ago|Alka Wadhvana||5
3 years ago|William Ayenu||5
3 years ago|Kimberly Wilson||5
a year ago|White Wolf||5
4 years ago|A. Malik||5
2 years ago|mary mcbean||5
a year ago|Alamdar Hussain||5
a year ago|Amritpal Kaur||5
3 years ago|HARSH PATEL||5
a year ago|Chandrika Sagar||5
a year ago|Maimoona Bushra||5
4 years ago|Goulou Veliev||5
2 years ago|Karen Piazza||5
4 years ago|Parthiban Karpagam Radha||5
11 years ago|Ruslan Nikolaev||5
3 years ago|Clodagh Pooke||5
9 months ago|Mashhuda Islam||5
a year ago|Rubab Rashid||5
a year ago|Shailan Fernandes||5
4 years ago|Balwinder Kaur||5
3 years ago|Charan Teja||5
3 years ago|Loraine Veronica Gordula||5
11 years ago|Mike ‚ÄúVenom Ninja‚Äù Hilario||5
3 months ago|Mo Kadib||5
3 years ago|Mark Lewis||5
2 years ago|Lorin E S||5
7 months ago|Amir Astaneh||5
4 years ago|Yvonne||5
4 years ago|Nishith Patel||5
3 years ago|Ritchie Villanueva||5
4 years ago|Akshaya Shashidhar||5
2 years ago|Tobi Shedrach||5
6 months ago|Abigael Mae||5
4 years ago|Pat Ojie||5
4 years ago|Bhargav Panchakarla||5
2 years ago|Kholod Almawazini||5
a year ago|Akshay Shetty||5
3 years ago|vishali||5
2 months ago|Masha Gelfand||5
2 years ago|Amit Singh||5
4 years ago|Kary Rodriguez||5
2 years ago|shahbaz yousaf||5
3 days ago|PÕõRŒî“úŒîSH||5
3 years ago|Reza Ghaemi||5
3 years ago|Tommy Putman||5
a month ago|Bridgette Fraser||5
3 years ago|Andre Dukhia||5
3 years ago|Vladimir Castro Alonso||5
a year ago|Meta Jody||5
3 years ago|Marina Filipe||5
4 years ago|Mariah||5
3 years ago|Mihir Patel||5
4 years ago|Edgardo Reyes||5
4 months ago|Leandro A. De la cruz M.||5
3 years ago|Meri Camgozlu||5
2 years ago|Rihanna||5
3 years ago|Drezz Rodriguez||5
a year ago|Ameer Azees||5
2 years ago|Therese Wilson||5
4 years ago|Gina Badali||5
a year ago|Cali Arriaza||5
6 months ago|Clarence Mckay||5
a year ago|Rishabh Dev Kalia||5
7 months ago|BMW ‚ÄúGod ·èí·è¢‚Äù Vines||5
4 years ago|Vladimir Starkov||5
3 years ago|Shyam Patel||5
3 years ago|kimeshia bygrave||5
4 months ago|Shamleed Bashiruddin||5
10 months ago|Dominic F||5
4 years ago|Saad Ullah||5
3 months ago|Yanekah Jacobs||5
2 years ago|Geerthiga Manmatharayan||5
a year ago|Erona Singh||5
9 months ago|qwerty poiu||5
2 years ago|Fari Hejazi||5
6 months ago|M. O. E||5
3 years ago|Jorge Perez||5
3 years ago|EYITAYO NWEFO||5
4 years ago|My Story Animated||5
10 months ago|King of legendZ||5
2 years ago|Nicola Paul-Bharwani||5
7 months ago|Jimmy Dao||5
a year ago|Salim Kalyana||5
4 years ago|Rose R||5
4 months ago|Samia Salha||5
2 years ago|Anansa Miller||5
3 years ago|Savan Upadhyay||5
a year ago|Raveena Nair||5
3 years ago|Saheeda Ally||5
3 years ago|Irene Perez||5
3 years ago|Prem Patel||5
3 years ago|Anca Alexe||5
3 years ago|Kashish Sareen||5
a year ago|Jeff Duncan||5
a year ago|Anxhela Musai||5
a year ago|Tithi Patel||5
3 years ago|Yue Ma||5
8 months ago|Deepti Tara||5
3 years ago|Jake Kearns||5
a week ago|Md, Rahman||5
3 years ago|asma javed||5
3 years ago|Narciso Cruz||5
3 years ago|Starcity9||5
11 years ago|Milton Segura||5
3 years ago|Kimberly Duff||5
5 months ago|Ingrid de Vries||5
4 years ago|Alana Bolan||5
2 years ago|Lora Ruberto||5
6 months ago|Zainudeen Jeeawody||5
3 years ago|Sangar Sri||5
3 years ago|Aj||5
7 months ago|CiCi Yang||5
4 years ago|Claudio Dominianni||5
2 years ago|Nirav Patel||5
3 years ago|rumyana n||5
3 years ago|Anila Waqar||5
3 years ago|Christopher George||5
3 years ago|Kumayl Bhalloo||5
a year ago|Zachary Sills||5
a year ago|Anne bartok||5
3 years ago|Nick Liberio||5
3 years ago|M M||5
3 years ago|Melika Rahimi||5
3 years ago|Connie||5
3 years ago|Cathy Lee||5
3 months ago|Princedeep Kaur||5
4 years ago|Giuliana Mariani||5
a month ago|vishal chaudhary||5
4 years ago|sadia shahid||5
a year ago|M I Aslam||5
3 years ago|Ilir A||5
2 months ago|Tania Gomes Martins||5
5 months ago|Mohit Kapoor||5
2 years ago|Thabeshan Balan||5
3 years ago|Anthony Ranger||5
3 years ago|Frank Roy||5
a year ago|Kulwinder Singh (kiwi)||5
3 years ago|Nishanthy Bala||5
4 years ago|Christabel Simon||5
3 months ago|Abby Andrade||5
8 months ago|Kashmira Gokli||5
3 years ago|Toseef Gill||5
7 months ago|Patty||5
3 years ago|Liz Hern√°ndez||5
5 months ago|Umit AKTAS||5
2 years ago|Seher Kahlon||5
3 years ago|◊ú◊®◊ô◊°◊î ◊ú||5
4 months ago|Sourav Dutta||5
3 years ago|Milla Ivanov||5
2 years ago|thembi bonkhe2006||5
2 months ago|Allen Tumlos||5
3 years ago|Ana Victorio||5
2 years ago|naresh eeda||5
3 years ago|Gabriella Gadol||5
