,id,conversation_id,created_at,date,timezone,place,tweet,language,hashtags,cashtags,user_id,user_id_str,username,name,day,hour,link,urls,photos,video,thumbnail,retweet,nlikes,nreplies,nretweets,quote_url,search,near,geo,source,user_rt_id,user_rt,retweet_id,reply_to,retweet_date,translate,trans_src,trans_dest
0,1630275808890609664,1630275808890609664,1677523016000.0,2023-02-27 19:36:56,+0100,,Hoy estar√© haciendo las nuevas incursiones de #PokemonScarletViolet a ver si podemos atrapar a los nuevos legendarios! #PokemonDay #PokemonPresents #Pokemon   https://t.co/IOSJtqwqMR,es,"['pokemonscarletviolet', 'pokemonday', 'pokemonpresents', 'pokemon']",[],1691879150,1691879150,MARCOPIERO1,MARCO,1,19,https://twitter.com/MARCOPIERO1/status/1630275808890609664,['https://www.twitch.tv/vipefwm?sr=a'],[],0,,False,0,0,0,,#PokemonPresents,,,,,,,[],,,,
1,1630275794848063490,1630275794848063490,1677523013000.0,2023-02-27 19:36:53,+0100,,Todavia hay juegos de pok√©mon hechos con amor #PokemonPresents #PokemonDay  https://t.co/EbJuIzl5lg,es,"['pokemonpresents', 'pokemonday']",[],2965158183,2965158183,cdo5d,cdoDiego,1,19,https://twitter.com/cdo5d/status/1630275794848063490,[],['https://pbs.twimg.com/media/Fp_lF7MWIAMJCza.jpg'],1,https://pbs.twimg.com/media/Fp_lF7MWIAMJCza.jpg,False,0,0,0,,#PokemonPresents,,,,,,,[],,,,
2,1630275785285066752,1630275785285066752,1677523010000.0,2023-02-27 19:36:50,+0100,,"WHO representative for Pakistan handed over four vehicles equipped with medical equipment,medicines necessary supplies to the Health Department. #ImranRiazKhan #Dollar Unbelievable Wuhan #ÿßŸÖÿ¨ÿØ_ÿ¥ÿπ€åÿ®_⁄©Ÿà_ÿ±€Åÿß_⁄©ÿ±Ÿà  #benue #turkey #ElectionResult #PokemonPresents‚ÄØ‚ÄØ‚ÄØ #PokemonDay  https://t.co/5T3HYEXs2R",en,"['imranriazkhan', 'dollar', 'ÿßŸÖÿ¨ÿØ_ÿ¥ÿπ€åÿ®_⁄©Ÿà_ÿ±€Åÿß_⁄©ÿ±Ÿà', 'benue', 'turkey', 'electionresult', 'pokemonpresents', 'pokemonday']",[],4597863921,4597863921,MrabdullahShah,Syed Abdullah Shah,1,19,https://twitter.com/MrabdullahShah/status/1630275785285066752,[],[],1,https://pbs.twimg.com/ext_tw_video_thumb/1630273610341285890/pu/img/YvVWyz4yylP8lUwF.jpg,False,0,0,0,,#PokemonPresents,,,,,,,[],,,,
3,1630275728498479104,1630275728498479104,1677522997000.0,2023-02-27 19:36:37,+0100,,Yeah hyped for the Scarlet &amp; Violet DLC but other than that was a little disappointed. #PokemonDay #PokemonPresents,en,"['pokemonday', 'pokemonpresents']",[],1478015172,1478015172,AGrassani6,Adam Grassani,1,19,https://twitter.com/AGrassani6/status/1630275728498479104,[],[],0,,False,0,0,0,https://twitter.com/agrassani6/status/1630205237691666440,#PokemonPresents,,,,,,,[],,,,
4,1630275702858866688,1630275702858866688,1677522991000.0,2023-02-27 19:36:31,+0100,,Happy #PokemonDay I can't be stopped today is the day I truly awaken #PokemonPresents  https://t.co/8i1dYsQ9vf,en,"['pokemonday', 'pokemonpresents']",[],887356459423416321,887356459423416321,tweetlepie,Shell Bee,1,19,https://twitter.com/tweetlepie/status/1630275702858866688,[],['https://pbs.twimg.com/media/Fp_nG64aIAML-Bi.jpg'],1,https://pbs.twimg.com/media/Fp_nG64aIAML-Bi.jpg,False,0,0,0,,#PokemonPresents,,,,,,,[],,,,
5,1630275671741087744,1630275671741087744,1677522983000.0,2023-02-27 19:36:23,+0100,,#PokemonDay #PokemonScarletViolet #PokemonPresents  https://t.co/lf2e0awhYz,qme,"['pokemonday', 'pokemonscarletviolet', 'pokemonpresents']",[],1877269866,1877269866,moonlitpoke,moon,1,19,https://twitter.com/moonlitpoke/status/1630275671741087744,[],[],1,https://pbs.twimg.com/ext_tw_video_thumb/1630275508490444803/pu/img/d-QLvKY6n0VwI4it.jpg,False,0,0,0,https://twitter.com/moonlitpoke/status/1630272968650629120,#PokemonPresents,,,,,,,[],,,,
6,1630275641626206209,1630275641626206209,1677522976000.0,2023-02-27 19:36:16,+0100,,„Éù„Ç±„É¢„É≥„Ç´„Éº„Éâ „ÇØ„É©„Ç∑„ÉÉ„ÇØ„ÅÆÂèéÈå≤„Ç´„Éº„Éâ„ÉªÂïÜÂìÅÂÜÖÂÆπ„Åæ„Å®„ÇÅ|ÂΩì„Åü„Çä„Ç´„Éº„Éâ  #„Éù„Ç±„É¢„É≥„Ç´„Éº„Éâ‚ÄØ#„Éù„Ç±„Ç´ #„Éù„Ç±„Ç´„ÇØ„É©„Ç∑„ÉÉ„ÇØ #„Éù„Ç±„É¢„É≥„Ç´„Éº„Éâ„ÇØ„É©„Ç∑„ÉÉ„ÇØ #PokemonPresents #PokemonDay #„Éù„Ç±„É¢„É≥„Éó„É¨„Çº„É≥„ÉÑ   https://t.co/a2UJVLEbDN,ja,"['„Éù„Ç±„É¢„É≥„Ç´„Éº„Éâ', '„Éù„Ç±„Ç´', '„Éù„Ç±„Ç´„ÇØ„É©„Ç∑„ÉÉ„ÇØ', '„Éù„Ç±„É¢„É≥„Ç´„Éº„Éâ„ÇØ„É©„Ç∑„ÉÉ„ÇØ', 'pokemonpresents', 'pokemonday', '„Éù„Ç±„É¢„É≥„Éó„É¨„Çº„É≥„ÉÑ']",[],1060077607679475713,1060077607679475713,gamesearch1,„Ç≤„Éº„É†„Çµ„Éº„ÉÅ@gamesearch,1,19,https://twitter.com/gamesearch1/status/1630275641626206209,['https://gamesearch.jp/2023/02/28/pokemoncard-classic/'],[],0,,False,0,0,0,,#PokemonPresents,,,,,,,[],,,,
7,1630275612488105992,1630275612488105992,1677522969000.0,2023-02-27 19:36:09,+0100,,"#PaulFury #electionresults2023 @Airbnb #NigerianElections2023 #PokemonPresents #ElectionResults #benue #CarabaoCupFinal  To reach the widest audience possible, its necessary to market your Airbnb listing, rental properties to attract potential guests.  https://t.co/g26iXb8HXX  https://t.co/sxGBPZdyMD",en,"['paulfury', 'electionresults2023', 'nigerianelections2023', 'pokemonpresents', 'electionresults', 'benue', 'carabaocupfinal']",[],1602213976955404288,1602213976955404288,masterfamos,dion_dev,1,19,https://twitter.com/masterfamos/status/1630275612488105992,['https://www.fiverr.com/share/9YYQ7x'],['https://pbs.twimg.com/media/Fp_nA8zWAAEfYro.jpg'],1,https://pbs.twimg.com/media/Fp_nA8zWAAEfYro.jpg,False,1,0,0,,#PokemonPresents,,,,,,,[],,,,
8,1630275586890366978,1630275586890366978,1677522963000.0,2023-02-27 19:36:03,+0100,,"üéÆ Pok√©mon Escarlata y P√∫rpura recibir√°n nuevo contenido descargable: El tesoro oculto del √Årea Cero.  üìÖ Estar√° dividido en dos partes, las cuales saldr√°n en oto√±o e invierno de 2023.  #PokemonPresents #PokemonEscarlataPurpura  https://t.co/FybfIuly0D",es,"['pokemonpresents', 'pokemonescarlatapurpura']",[],1555174329775788032,1555174329775788032,theswallowshow,üëæ The Swallow Show,1,19,https://twitter.com/theswallowshow/status/1630275586890366978,[],['https://pbs.twimg.com/media/Fp_m7L1WAAEvqv1.jpg'],1,https://pbs.twimg.com/media/Fp_m7L1WAAEvqv1.jpg,False,0,0,0,,#PokemonPresents,,,,,,,[],,,,
9,1630275544536297473,1630275544536297473,1677522953000.0,2023-02-27 19:35:53,+0100,,Crazy I only completed my Pok√©dex today just in time for the new DLC to be announced and the release of the new paradox legendaries. Both which I‚Äôve already obtained! #PokemonDay #PokemonPresents,en,"['pokemonday', 'pokemonpresents']",[],618689855,618689855,Stef_Khan,Stef Khan,1,19,https://twitter.com/Stef_Khan/status/1630275544536297473,[],[],0,,False,0,0,0,,#PokemonPresents,,,,,,,[],,,,
10,1630275495374749696,1630275495374749696,1677522941000.0,2023-02-27 19:35:41,+0100,,Street Fighter 3: 3rd Strike Pro FIGHTS | Atma üá®üá± vs SEBA üá®üá±  https://t.co/YPoHVzM0TX via @YouTube #ÿµÿ®ÿßÿ≠_ÿßŸÑÿÆŸäÿ± #ÿÆŸÑÿßŸáÿß #ÿßŸÑŸáŸÑÿßŸÑ_ÿßŸÑÿØÿ≠ŸäŸÑ #ŸÜŸáÿßÿ¶Ÿä_ÿØŸàÿ±Ÿä_ÿ£ÿ®ÿ∑ÿßŸÑ_ÿ¢ÿ≥Ÿäÿß #ÿ∞ŸÉÿ±Ÿâ_ÿ™ÿ≠ÿ±Ÿäÿ±_ÿßŸÑŸÉŸàŸäÿ™ #electionresults2023 #PokemonPresents #PaulFury #PokemonDay #KhosiKhollection #CarabaoCupFinal #bbrightvc,en,"['ÿµÿ®ÿßÿ≠_ÿßŸÑÿÆŸäÿ±', 'ÿÆŸÑÿßŸáÿß', 'ÿßŸÑŸáŸÑÿßŸÑ_ÿßŸÑÿØÿ≠ŸäŸÑ', 'ŸÜŸáÿßÿ¶Ÿä_ÿØŸàÿ±Ÿä_ÿ£ÿ®ÿ∑ÿßŸÑ_ÿ¢ÿ≥Ÿäÿß', 'ÿ∞ŸÉÿ±Ÿâ_ÿ™ÿ≠ÿ±Ÿäÿ±_ÿßŸÑŸÉŸàŸäÿ™', 'electionresults2023', 'pokemonpresents', 'paulfury', 'pokemonday', 'khosikhollection', 'carabaocupfinal', 'bbrightvc']",[],1342924873199456263,1342924873199456263,GamesTranslated,Translated Games Official ÿ£ŸÑÿπÿßÿ® ŸÖÿ™ÿ±ÿ¨ŸÖÿ©,1,19,https://twitter.com/GamesTranslated/status/1630275495374749696,['https://youtu.be/ZO0R0LZWRjg'],[],0,,False,0,0,0,,#PokemonPresents,,,,,,,[],,,,
11,1630275454664949763,1630238757814140928,1677522932000.0,2023-02-27 19:35:32,+0100,,@PokemonGoApp #GOGimmighoul  #PokemonPresents  #PokemonGO  #PokemonGOfriends,qme,"['gogimmighoul', 'pokemonpresents', 'pokemongo', 'pokemongofriends']",[],1630273306048774148,1630273306048774148,Pipergurl66,Natalie Reel,1,19,https://twitter.com/Pipergurl66/status/1630275454664949763,[],[],0,,False,0,0,0,,#PokemonPresents,,,,,,,"[{'screen_name': 'PokemonGoApp', 'name': 'Pok√©mon GO', 'id': '2839430431'}]",,,,
12,1630275442203664391,1630275442203664391,1677522929000.0,2023-02-27 19:35:29,+0100,,quick break from work and projects to draw a creature. happy #PokemonDay  !  #PokemonPresents #PokemonScarletViolet  https://t.co/9ferNevr04,en,"['pokemonday', 'pokemonpresents', 'pokemonscarletviolet']",[],1295957577667432448,1295957577667432448,hotdemongf,Ïó¨Ïö∞ | ùêïùêÄùêåùêèùêàùêëùêÑ | WORKING THRU WAITLIST üåô,1,19,https://twitter.com/hotdemongf/status/1630275442203664391,[],['https://pbs.twimg.com/media/Fp_m3cZWcAAXfZJ.jpg'],1,https://pbs.twimg.com/media/Fp_m3cZWcAAXfZJ.jpg,False,2,0,0,,#PokemonPresents,,,,,,,[],,,,
13,1630275349098672128,1630275349098672128,1677522906000.0,2023-02-27 19:35:06,+0100,,‰ªäÂõû„ÅÆ #PokemonPresents „ÇÇÁ¥†Êô¥„Çâ„Åó„Åã„Å£„Åü„Åß„Åô ÈÅÖ„Åè„Å™„Çä„Åæ„Åó„Åü„Åå„ÄÅ#PokemonDay  „Åä„ÇÅ„Åß„Å®„ÅÜ„Åî„Åñ„ÅÑ„Åæ„Åôüéâ,ja,"['pokemonpresents', 'pokemonday']",[],1260817941563453447,1260817941563453447,kyoani_poke,„Åì„Åæ,1,19,https://twitter.com/kyoani_poke/status/1630275349098672128,[],[],0,,False,0,0,0,,#PokemonPresents,,,,,,,[],,,,
14,1630275294786465793,1630275294786465793,1677522893000.0,2023-02-27 19:34:53,+0100,,so where‚Äôs Mystery Dungeonü§® #PokemonDay #PokemonPresents,en,"['pokemonday', 'pokemonpresents']",[],1299121580828749824,1299121580828749824,cakelikeowen,owenü§°,1,19,https://twitter.com/cakelikeowen/status/1630275294786465793,[],[],0,,False,1,0,0,,#PokemonPresents,,,,,,,[],,,,
15,1630275285345275904,1630275285345275904,1677522891000.0,2023-02-27 19:34:51,+0100,,"In order to fight IronLeave using Gholdengo, you need to have it learn Reflect,MetalSound,NastyPlot &amp; ShadowBall. 1st, use Reflect, 2nd use metal sound, 3rd use Shadow ball, 4th,5th &amp; 6th use nastyplot, 7th use Shadowball. #PokemonPresents‚ÄØ‚ÄØ‚ÄØ #PokemonScarletViolet #Pokemon",en,"['pokemonpresents', 'pokemonscarletviolet', 'pokemon']",[],889920435533619200,889920435533619200,AlsoKnownAsZeaf,Faez,1,19,https://twitter.com/AlsoKnownAsZeaf/status/1630275285345275904,[],[],0,,False,0,0,0,,#PokemonPresents,,,,,,,[],,,,
16,1630275278705500162,1630275278705500162,1677522890000.0,2023-02-27 19:34:50,+0100,,"WHO representative for Pakistan handed over four vehicles equipped with medical equipment,medicines and other necessary supplies to the Health Department #ImranRiazKhan #Dollar Unbelievable Wuhan #ÿßŸÖÿ¨ÿØ_ÿ¥ÿπ€åÿ®_⁄©Ÿà_ÿ±€Åÿß_⁄©ÿ±Ÿà  #benue #Turkey #ElectionResults #PokemonPresents #PokemonDay  https://t.co/ltkvyoB2cF",en,"['imranriazkhan', 'dollar', 'ÿßŸÖÿ¨ÿØ_ÿ¥ÿπ€åÿ®_⁄©Ÿà_ÿ±€Åÿß_⁄©ÿ±Ÿà', 'benue', 'turkey', 'electionresults', 'pokemonpresents', 'pokemonday']",[],1543054647396409346,1543054647396409346,YasirMuskan5,Yasir Muskan,1,19,https://twitter.com/YasirMuskan5/status/1630275278705500162,[],[],1,https://pbs.twimg.com/ext_tw_video_thumb/1630275164993724418/pu/img/3Rcn72HbYdC3FL5y.jpg,False,1,3,0,,#PokemonPresents,,,,,,,[],,,,
17,1630275253770285057,1630275253770285057,1677522884000.0,2023-02-27 19:34:44,+0100,,Ho-Oh !  Meet the newly discovered Paradox Pok√©mon Walking Wake  üåäüçÉ check the shirt ! link :  https://t.co/k0fIg78NjY ------------------------- #PokemonPresents  #PokemonDay  #PokemonScarletViolet  #Pokemon  #WalkingWake  https://t.co/anjDk40wQR,en,"['pokemonpresents', 'pokemonday', 'pokemonscarletviolet', 'pokemon', 'walkingwake']",[],1532812000379666432,1532812000379666432,Canam0rt,canam0rt,1,19,https://twitter.com/Canam0rt/status/1630275253770285057,['https://bit.ly/3ZnE4B5'],['https://pbs.twimg.com/media/Fp_luXXX0AI62ID.jpg'],1,https://pbs.twimg.com/media/Fp_luXXX0AI62ID.jpg,False,0,0,0,,#PokemonPresents,,,,,,,[],,,,
18,1630275238813487104,1630275238813487104,1677522880000.0,2023-02-27 19:34:40,+0100,,"#PokemonPresents was a tad disappointing, however the best thing for me was the #Suicune release ""Walking Wake"". Caught one on my Scarlet version. Love it so much, I quick painted it. Happy #PokemonDay again everyone! üôå #art #artistsontwitter #fanart  https://t.co/SC3ZdVheUe",en,"['pokemonpresents', 'suicune', 'pokemonday', 'art', 'artistsontwitter', 'fanart']",[],1180166815143608320,1180166815143608320,LazfarArt,Levi Richards (Lazfar) Hiatus but trying,1,19,https://twitter.com/LazfarArt/status/1630275238813487104,[],['https://pbs.twimg.com/media/Fp_mp_8XsAAKzsr.jpg'],1,https://pbs.twimg.com/media/Fp_mp_8XsAAKzsr.jpg,False,2,0,0,,#PokemonPresents,,,,,,,[],,,,
19,1630275206597214208,1630275206597214208,1677522872000.0,2023-02-27 19:34:32,+0100,,Happy happy #PokemonDay #PokemonPresents ‚ú®,en,"['pokemonday', 'pokemonpresents']",[],752985054041681920,752985054041681920,Urameshi94,John Cena,1,19,https://twitter.com/Urameshi94/status/1630275206597214208,[],[],0,,False,0,0,0,,#PokemonPresents,,,,,,,[],,,,
20,1630275191929466884,1630275191929466884,1677522869000.0,2023-02-27 19:34:29,+0100,,#NigerianElections2023 #PokemonDay #PokemonPresents,qht,"['nigerianelections2023', 'pokemonday', 'pokemonpresents']",[],1280146086968078337,1280146086968078337,galatea_fashion,galatea_fashion,1,19,https://twitter.com/galatea_fashion/status/1630275191929466884,[],[],0,,False,0,0,0,https://twitter.com/alattas_factory/status/1629998561956864004,#PokemonPresents,,,,,,,[],,,,
21,1630275172694470656,1630275172694470656,1677522864000.0,2023-02-27 19:34:24,+0100,, https://t.co/JawjQSzUl0  #LQvsIU #PaulFury #PokemonPresents‚ÄØ‚ÄØ‚ÄØ  #Dollar #ÿßŸÖÿ¨ÿØ_ÿ¥ÿπ€åÿ®_⁄©Ÿà_ÿ±€Åÿß_⁄©ÿ±Ÿà #WorldsBiggestTeaParty #ÿ∏ÿßŸÑŸÖŸà⁄∫_Ÿæÿ±Ÿæ€ÅŸÑÿßŸàÿßÿ±ÿ¥Ÿπÿ±⁄àÿßÿ§ŸÜ_€Å⁄ëÿ™ÿßŸÑ  Lt Gen #Baloch #QAU  #Dollar,de,"['lqvsiu', 'paulfury', 'pokemonpresents', 'dollar', 'ÿßŸÖÿ¨ÿØ_ÿ¥ÿπ€åÿ®_⁄©Ÿà_ÿ±€Åÿß_⁄©ÿ±Ÿà', 'worldsbiggestteaparty', 'ÿ∏ÿßŸÑŸÖŸà⁄∫_Ÿæÿ±Ÿæ€ÅŸÑÿßŸàÿßÿ±ÿ¥Ÿπÿ±⁄àÿßÿ§ŸÜ_€Å⁄ëÿ™ÿßŸÑ', 'baloch', 'qau', 'dollar']",[],791603156237115392,791603156237115392,asadlodhi12,ASAD LODHI,1,19,https://twitter.com/asadlodhi12/status/1630275172694470656,['https://www.mypetsoutlet.online/you-should-know-5-best-vitamins-for-puppies'],[],0,,False,0,0,0,,#PokemonPresents,,,,,,,[],,,,
22,1630275153937457152,1630275153937457152,1677522860000.0,2023-02-27 19:34:20,+0100,,#PokemonDay #PokemonPresents #PokemonDay2023 ü•≥  https://t.co/bHLzcaGsZY,und,"['pokemonday', 'pokemonpresents', 'pokemonday2023']",[],1556072571489161217,1556072571489161217,KorriKatti,Narrikatti,1,19,https://twitter.com/KorriKatti/status/1630275153937457152,[],['https://pbs.twimg.com/media/Fp_mlAWWAAERD_g.jpg'],1,https://pbs.twimg.com/media/Fp_mlAWWAAERD_g.jpg,False,0,0,0,,#PokemonPresents,,,,,,,[],,,,
23,1630275125722456067,1630275125722456067,1677522853000.0,2023-02-27 19:34:13,+0100,,#electionresults2023 #PaulFury #PokemonPresents #‡∏Ç‡πâ‡∏≤‡∏°‡∏ü‡πâ‡∏≤‡πÄ‡∏Ñ‡∏µ‡∏¢‡∏á‡πÄ‡∏ò‡∏≠ #PokemonPresents #CarabaoCupFinal,qht,"['electionresults2023', 'paulfury', 'pokemonpresents', '‡∏Ç‡πâ‡∏≤‡∏°‡∏ü‡πâ‡∏≤‡πÄ‡∏Ñ‡∏µ‡∏¢‡∏á‡πÄ‡∏ò‡∏≠', 'pokemonpresents', 'carabaocupfinal']",[],1543135155023499264,1543135155023499264,tst_business,TST Mentorship and Business Institute,1,19,https://twitter.com/tst_business/status/1630275125722456067,[],[],0,,False,1,0,0,https://twitter.com/TheNewAfricaMa2/status/1621661084674392064,#PokemonPresents,,,,,,,[],,,,
24,1630275117388316672,1630275117388316672,1677522851000.0,2023-02-27 19:34:11,+0100,,How To Kill The Juggernaut Faster in Warzone 2: The SLEIGH!!  https://t.co/OzGsObtGjc via @YouTube @callofduty #cars #CallofDutyModernWarfare2 #ModernWarfareII #codclips #PokemonPresents  #santa,en,"['cars', 'callofdutymodernwarfare2', 'modernwarfareii', 'codclips', 'pokemonpresents', 'santa']",[],239572559,239572559,TheYoungHazard,Reezy.,1,19,https://twitter.com/TheYoungHazard/status/1630275117388316672,['https://youtu.be/p4D2l3Sp4Lk'],[],0,,False,0,0,0,,#PokemonPresents,,,,,,,[],,,,
25,1630275104234954753,1630275104234954753,1677522848000.0,2023-02-27 19:34:08,+0100,,"Nunca se hagan altas expectativas de los primeros directs del a√±o, adem√°s muchos de esos ""leaks"" estaban bien fumados. #PokemonDay #PokemonPresents #anipoke",es,"['pokemonday', 'pokemonpresents', 'anipoke']",[],1400505559531540486,1400505559531540486,okkusenjam,OkkusenJam,1,19,https://twitter.com/okkusenjam/status/1630275104234954753,[],[],0,,False,0,0,0,https://twitter.com/DistortionWRLD/status/1630252106778128387,#PokemonPresents,,,,,,,[],,,,
26,1630275093749170178,1630275093749170178,1677522846000.0,2023-02-27 19:34:06,+0100,,You know i had to catch these. #Pokemon #PokemonDay #PokemonPresents #Pokemonmasters #PokemonScarletViolet #WalkingWake #IronLeaves  https://t.co/KQnmVrOzj6,en,"['pokemon', 'pokemonday', 'pokemonpresents', 'pokemonmasters', 'pokemonscarletviolet', 'walkingwake', 'ironleaves']",[],1522803005028028417,1522803005028028417,EpickittyFacee,·¥Ñ·¥Ä ü ü ·¥ç·¥á ·¥á·¥ò…™·¥Ñ Ô£ø,1,19,https://twitter.com/EpickittyFacee/status/1630275093749170178,[],"['https://pbs.twimg.com/media/Fp_mjnNXwAIDi7w.jpg', 'https://pbs.twimg.com/media/Fp_mjloWwAIw_wL.jpg']",1,https://pbs.twimg.com/media/Fp_mjnNXwAIDi7w.jpg,False,0,0,0,,#PokemonPresents,,,,,,,[],,,,
27,1630275088527269888,1630275088527269888,1677522844000.0,2023-02-27 19:34:04,+0100,,Acabo de ver el #PokemonPresents y no me ha gustado...,es,['pokemonpresents'],[],2719804563,2719804563,JaviliSinMas,üçÇüóº,1,19,https://twitter.com/JaviliSinMas/status/1630275088527269888,[],[],0,,False,0,0,0,,#PokemonPresents,,,,,,,[],,,,
28,1630275081338511360,1630275081338511360,1677522843000.0,2023-02-27 19:34:03,+0100,,"So this was posted to 4chan on Friday‚Ä¶ it‚Äôs completely accurate to today‚Äôs #PokemonPresents and mentions a new, enhanced Nintendo Switch model that would be coming by the end of the year. Is #SwitchPro still actually happening?!? #PokemonDay  https://t.co/vzr2jaFzqS",en,"['pokemonpresents', 'switchpro', 'pokemonday']",[],139882760,139882760,SketchFox7,Taylor ü¶ä,1,19,https://twitter.com/SketchFox7/status/1630275081338511360,[],['https://pbs.twimg.com/media/Fp_mizfaMAA4vdq.jpg'],1,https://pbs.twimg.com/media/Fp_mizfaMAA4vdq.jpg,False,0,0,0,,#PokemonPresents,,,,,,,[],,,,
29,1630275071557156864,1630275071557156864,1677522840000.0,2023-02-27 19:34:00,+0100,,#PokemonScarletViolet #PokemonViolet #PokemonScarlet  #Pokemon #NintendoSwitch #NintendoSwitch2022 #Nintendo #StreamingLive #streamer #gaming  #YouTube #PokemonMasterEX #PokemonDay #PokemonPresents  NEW PARADOX POKEMON! We NEED to TALK  ABOUT THIS  https://t.co/lPPAa4awXd,en,"['pokemonscarletviolet', 'pokemonviolet', 'pokemonscarlet', 'pokemon', 'nintendoswitch', 'nintendoswitch2022', 'nintendo', 'streaminglive', 'streamer', 'gaming', 'youtube', 'pokemonmasterex', 'pokemonday', 'pokemonpresents']",[],1105261702839496704,1105261702839496704,MaxisMetagross,MetagrossMaxis,1,19,https://twitter.com/MaxisMetagross/status/1630275071557156864,['https://youtube.com/live/Qt_bFTRTAnc'],[],0,,False,0,0,0,,#PokemonPresents,,,,,,,[],,,,
30,1630275050409426945,1630275050409426945,1677522835000.0,2023-02-27 19:33:55,+0100,,"Hmmm ü§î now let's see, Which one should I choose? Happy Pokemon Day!!!! üòÉüíóüíó #PokemonDay  #PokemonPresents  #Pokemon  https://t.co/1sWumRf2XL",en,"['pokemonday', 'pokemonpresents', 'pokemon']",[],1384722115161694210,1384722115161694210,Mjfam7_fg,Stay Positive King üëë·¥π‚ôö·¥∂ fan account,1,19,https://twitter.com/Mjfam7_fg/status/1630275050409426945,[],['https://pbs.twimg.com/media/Fp_mhO-XoAAbXJJ.jpg'],1,https://pbs.twimg.com/media/Fp_mhO-XoAAbXJJ.jpg,False,0,0,0,,#PokemonPresents,,,,,,,[],,,,
31,1630275040913813505,1630274062655320064,1677522833000.0,2023-02-27 19:33:53,+0100,,@Pokemon Fix your game #PokemonPresents #PokemonDay  https://t.co/uDsyppv2Xr,en,"['pokemonpresents', 'pokemonday']",[],882101293665271808,882101293665271808,zombiebait90,Laban Cox,1,19,https://twitter.com/zombiebait90/status/1630275040913813505,[],[],1,https://pbs.twimg.com/ext_tw_video_thumb/1630274973788164096/pu/img/-zcgmCUIXsJF2Ddg.jpg,False,0,0,0,,#PokemonPresents,,,,,,,"[{'screen_name': 'Pokemon', 'name': 'Pok√©mon', 'id': '96879107'}]",,,,
32,1630274999629099010,1630274999629099010,1677522823000.0,2023-02-27 19:33:43,+0100,,"The #PokemonPresents has me excited for cards, some DLC and a Netflix show... and that is about it, guess I am not missing any Pok√©mon Sleep over this presentation.... very passible, and time to go back to Pok√©mon Sleep.",en,['pokemonpresents'],[],718298331273949185,718298331273949185,homecomingamer,Homecoming Hero,1,19,https://twitter.com/homecomingamer/status/1630274999629099010,[],[],0,,False,0,0,0,,#PokemonPresents,,,,,,,[],,,,
33,1630274987905916929,1630274987905916929,1677522820000.0,2023-02-27 19:33:40,+0100,,Para m√≠ el mejor Pokemon siempre ser√° el Azul üíô #PokemonPresents  https://t.co/hd8SjMZlUt,es,['pokemonpresents'],[],1495331437742067714,1495331437742067714,alenoguerart,Ale :),1,19,https://twitter.com/alenoguerart/status/1630274987905916929,[],['https://pbs.twimg.com/media/Fp_mUIfWAAEFJg2.jpg'],1,https://pbs.twimg.com/media/Fp_mUIfWAAEFJg2.jpg,False,0,0,0,,#PokemonPresents,,,,,,,[],,,,
34,1630274957258137603,1630274957258137603,1677522813000.0,2023-02-27 19:33:33,+0100,,"‚úÖPre Purchase the new DLC ""The Hidden Treasure of Area Zero,"" and you will get a code in your EMAILüì® to receive a Special Hisuian Zoroak in #PokemonScarletViolet  #PokemonDay #PokemonPresents   What was your favorite news in the Pok√©mon Presents?  https://t.co/L4nczrUCX4",en,"['pokemonscarletviolet', 'pokemonday', 'pokemonpresents']",[],1140021871963885568,1140021871963885568,Its_WDMichael,WDMichael,1,19,https://twitter.com/Its_WDMichael/status/1630274957258137603,[],['https://pbs.twimg.com/media/Fp_l45JX0AA8oCz.jpg'],1,https://pbs.twimg.com/media/Fp_l45JX0AA8oCz.jpg,False,2,0,0,,#PokemonPresents,,,,,,,[],,,,
35,1630274942938804225,1630274942938804225,1677522810000.0,2023-02-27 19:33:30,+0100,,Did a Pokemon bingo ü´†  Safe to say we didn't win #PokemonDay #PokemonPresents  -Vio  https://t.co/M1GIjmcr7S,en,"['pokemonday', 'pokemonpresents']",[],1171698541238071297,1171698541238071297,SystemDraco,The Draco System @ Dracoids TTRPG,1,19,https://twitter.com/SystemDraco/status/1630274942938804225,[],['https://pbs.twimg.com/media/Fp_ma7oXwAQnCYa.jpg'],1,https://pbs.twimg.com/media/Fp_ma7oXwAQnCYa.jpg,False,0,0,0,,#PokemonPresents,,,,,,,[],,,,
36,1630274937196802050,1630274937196802050,1677522808000.0,2023-02-27 19:33:28,+0100,,Happy Pok√©mon day. These are some of my favorite fanart that I've done over the years.  #PokemonDay #pokemonfanart #PokemonPresents #Pokemon  https://t.co/GuUdXPuu8b,en,"['pokemonday', 'pokemonfanart', 'pokemonpresents', 'pokemon']",[],1163651914304761856,1163651914304761856,DesignsSwensona,SwensonaDesigns,1,19,https://twitter.com/DesignsSwensona/status/1630274937196802050,[],"['https://pbs.twimg.com/media/Fp_lmh3WwAAhWqY.jpg', 'https://pbs.twimg.com/media/Fp_l-N7WcAcWHTf.jpg', 'https://pbs.twimg.com/media/Fp_mH8tXwAEZv9D.jpg', 'https://pbs.twimg.com/media/Fp_mNJjWwAA8L2z.jpg']",1,https://pbs.twimg.com/media/Fp_lmh3WwAAhWqY.jpg,False,2,0,0,,#PokemonPresents,,,,,,,[],,,,
37,1630274931245174784,1630274931245174784,1677522807000.0,2023-02-27 19:33:27,+0100,,"I unironically love this Virizion design, so much.  #PokemonDay #virizion #PokemonPresents  https://t.co/HgJ3UEYiOR",en,"['pokemonday', 'virizion', 'pokemonpresents']",[],1295430850058821636,1295430850058821636,ars_lunar,Ars Lunar ~üåô,1,19,https://twitter.com/ars_lunar/status/1630274931245174784,[],['https://pbs.twimg.com/media/Fp_maKXXoAQUb3Z.png'],1,https://pbs.twimg.com/media/Fp_maKXXoAQUb3Z.png,False,0,0,0,,#PokemonPresents,,,,,,,[],,,,
38,1630274927046606849,1630274927046606849,1677522806000.0,2023-02-27 19:33:26,+0100,,I really love the @Pokemon brand and all about it. Gotta catch 'em all‚ú®Ô∏è Marnie&amp;Morpeko steelboxüíñ  #PokemonDay #Pokemon #pokemonCards #Morpeko #MarnieGymLeader #PokemonPresents  https://t.co/NfxYmrCPlK,en,"['pokemonday', 'pokemon', 'pokemoncards', 'morpeko', 'marniegymleader', 'pokemonpresents']",[],238261898,238261898,PamelaGalander,Pam üå∏‚ùÑÔ∏è,1,19,https://twitter.com/PamelaGalander/status/1630274927046606849,[],['https://pbs.twimg.com/media/Fp_maAeXwAIu6Hh.jpg'],1,https://pbs.twimg.com/media/Fp_maAeXwAIu6Hh.jpg,False,0,0,0,,#PokemonPresents,,,,,,,[],,,,
39,1630274873376362504,1630274873376362504,1677522793000.0,2023-02-27 19:33:13,+0100,,‚ÄúTear down the dimensions between!‚Äù Watch:  Paradox (Sada &amp; Turo Battle Theme With Lyrics)  https://t.co/EwGMluqAyb  #PokemonPresents #PokemonDay #Music #Ogerpon #Terapagos #Okidogi #Fezandipiti #Munkidori #„Éù„Ç±„É¢„É≥„Éó„É¨„Çº„É≥„ÉÑ #„Éù„Ç±„É¢„É≥SV #„Éù„Ç±„É¢„É≥„Éá„Éº #Pokemon #„Éù„Ç±„É¢„É≥27Âë®Âπ¥  https://t.co/BIboijbVfY,en,"['pokemonpresents', 'pokemonday', 'music', 'ogerpon', 'terapagos', 'okidogi', 'fezandipiti', 'munkidori', '„Éù„Ç±„É¢„É≥„Éó„É¨„Çº„É≥„ÉÑ', '„Éù„Ç±„É¢„É≥sv', '„Éù„Ç±„É¢„É≥„Éá„Éº', 'pokemon', '„Éù„Ç±„É¢„É≥27Âë®Âπ¥']",[],384020511,384020511,Mikey_wf,Mikey,1,19,https://twitter.com/Mikey_wf/status/1630274873376362504,['https://youtu.be/C7IaQWNyzk4'],[],1,https://pbs.twimg.com/ext_tw_video_thumb/1630274795848728583/pu/img/8hdFzUMcVqivUBp-.jpg,False,0,0,0,,#PokemonPresents,,,,,,,[],,,,
40,1630274851188482048,1630274851188482048,1677522788000.0,2023-02-27 19:33:08,+0100,,"üéÆ Nuevo evento para Pok√©mon Escarlata y Pok√©mon P√∫rpura, donde podr√©is conseguir a los Pok√©mon paradoja Ondulagua y Ferroverdor, respectivamente.  #PokemonPresents #PokemonEscarlataPurpura  https://t.co/PFrTL3Qcjv",es,"['pokemonpresents', 'pokemonescarlatapurpura']",[],1555174329775788032,1555174329775788032,theswallowshow,üëæ The Swallow Show,1,19,https://twitter.com/theswallowshow/status/1630274851188482048,[],['https://pbs.twimg.com/media/Fp_mOSTXgAQGqo_.jpg'],1,https://pbs.twimg.com/media/Fp_mOSTXgAQGqo_.jpg,False,0,0,0,,#PokemonPresents,,,,,,,[],,,,
41,1630274822881042434,1630271452216799232,1677522781000.0,2023-02-27 19:33:01,+0100,,Hahahah i meant to put #PokemonDay  and not #PokemonPresents  LOL ah well. Gonna leave it. Here‚Äôs more Pok√©mon plush.  https://t.co/0LGRHZYYVw,en,"['pokemonday', 'pokemonpresents']",[],461622997,461622997,gentlymadeplush,‚ú©GentleMoonBell‚ú© NYCüîúBMOREü¶Äüí´,1,19,https://twitter.com/gentlymadeplush/status/1630274822881042434,[],"['https://pbs.twimg.com/media/Fp_mTjaXoAARQw2.jpg', 'https://pbs.twimg.com/media/Fp_mTjTXoAELsXn.jpg']",1,https://pbs.twimg.com/media/Fp_mTjaXoAARQw2.jpg,False,2,0,0,,#PokemonPresents,,,,,,,[],,,,
42,1630274736667148288,1630274736667148288,1677522760000.0,2023-02-27 19:32:40,+0100,,Animatronic Pikachu Plush #PokemonPresents #PokemonDay  https://t.co/po8IXRXP8M,pl,"['pokemonpresents', 'pokemonday']",[],1312292763078098944,1312292763078098944,ZackZanic,Zack The Drago-Zard (Hiatus for Checkpoint),1,19,https://twitter.com/ZackZanic/status/1630274736667148288,[],['https://pbs.twimg.com/media/Fp_mFkNXsAAFV9P.jpg'],1,https://pbs.twimg.com/media/Fp_mFkNXsAAFV9P.jpg,False,0,0,0,,#PokemonPresents,,,,,,,[],,,,
43,1630274729763299328,1630274729763299328,1677522759000.0,2023-02-27 19:32:39,+0100,,"#PokemonDay  Something about this #PokemonPresents left me underwhelmed. I don't know what I was expecting, but the end of that stream left me unhyped. Anti-hyped, negative-hype.  Maybe it's just me getting old.   Terapagos is cute though, so that's nice.  https://t.co/uXcsi0rzF1",en,"['pokemonday', 'pokemonpresents']",[],1529215280072761349,1529215280072761349,AlejandroHobby,Alejandro Shipwright // üßù‚Äç‚ôÇÔ∏è‚úÇÔ∏è // Hobbyist Vtuber,1,19,https://twitter.com/AlejandroHobby/status/1630274729763299328,[],['https://pbs.twimg.com/media/Fp_mOj2XoAEFHuw.jpg'],1,https://pbs.twimg.com/media/Fp_mOj2XoAEFHuw.jpg,False,0,0,0,,#PokemonPresents,,,,,,,[],,,,
44,1630274636607782912,1630274636607782912,1677522737000.0,2023-02-27 19:32:17,+0100,,Ecco tutto quello che √® stato annunciato durante il #Pok√©monPresents di febbraio 2023! ‚ú®üíú‚ù§Ô∏è #pok√©mon #scarlatto #violetto @NinGiorgia  https://t.co/veYXwf144t,it,"['pok√©monpresents', 'pok√©mon', 'scarlatto', 'violetto']",[],15061543,15061543,aclife,Animal Crossing Life,1,19,https://twitter.com/aclife/status/1630274636607782912,['https://bit.ly/3IwCJ49'],[],0,,False,0,0,1,,#PokemonPresents,,,,,,,[],,,,
45,1630274582882971658,1630274582882971658,1677522724000.0,2023-02-27 19:32:04,+0100,,#PaulFury #electionresults2023 #NigerianElections2023 #PokemonPresents #ElectionResults #‡∏Ç‡πâ‡∏≤‡∏°‡∏ü‡πâ‡∏≤‡πÄ‡∏Ñ‡∏µ‡∏¢‡∏á‡πÄ‡∏ò‡∏≠   https://t.co/MtvBEHdbp1  https://t.co/T5zxFjVMvc,qme,"['paulfury', 'electionresults2023', 'nigerianelections2023', 'pokemonpresents', 'electionresults', '‡∏Ç‡πâ‡∏≤‡∏°‡∏ü‡πâ‡∏≤‡πÄ‡∏Ñ‡∏µ‡∏¢‡∏á‡πÄ‡∏ò‡∏≠']",[],1071869256827060224,1071869256827060224,TheRealCMit,C-Mit,1,19,https://twitter.com/TheRealCMit/status/1630274582882971658,['https://youtu.be/BIIWsungxG4'],['https://pbs.twimg.com/media/Fp_mFu_WcAgorl0.jpg'],1,https://pbs.twimg.com/media/Fp_mFu_WcAgorl0.jpg,False,0,0,0,,#PokemonPresents,,,,,,,[],,,,
46,1630274570878955521,1630274570878955521,1677522721000.0,2023-02-27 19:32:01,+0100,,"Ich w√ºrde mich sehr √ºber neue Freunde in Pok√©mon Go freuen, wenn ihr das auch spielt üòäü§ç  Lass uns Freunde in Pok√©mon GO sein! Mein Trainercode ist 4418 1989 0329!  #PokemonPresents #PokemonDay #PokemonGO",de,"['pokemonpresents', 'pokemonday', 'pokemongo']",[],744244766318133248,744244766318133248,shinylink777,ShinyLink üê¶,1,19,https://twitter.com/shinylink777/status/1630274570878955521,[],[],0,,False,2,0,0,,#PokemonPresents,,,,,,,[],,,,
47,1630274558673448964,1630274558673448964,1677522718000.0,2023-02-27 19:31:58,+0100,,"Die heutige #PokemonPresents war meiner Meinung nach leider ziemlich entt√§uschend. Nur die DLCs f√ºr Pok√©mon Karmesin und Purpur haben etwas mein Interesse geweckt, auch wenn dar√ºber noch nicht viel bekannt ist. Die neuen Pok√©mon haben jedoch allesamt coole Designs!  https://t.co/XijovUsi0s",de,['pokemonpresents'],[],1578010704216576000,1578010704216576000,elite_nicki,Elite_Nicki,1,19,https://twitter.com/elite_nicki/status/1630274558673448964,[],['https://pbs.twimg.com/media/Fp_mEgeXoAIY5GO.jpg'],1,https://pbs.twimg.com/media/Fp_mEgeXoAIY5GO.jpg,False,0,0,0,,#PokemonPresents,,,,,,,[],,,,
48,1630274532392030214,1630274532392030214,1677522712000.0,2023-02-27 19:31:52,+0100,,Hoy en el #PokemonPresents realizado por el #PokemonDay se di√≥ el anuncio de los DLC de #pokemonscarletviolet los cuales llegar√°n este a√±o y nos traen 2 nueva aventuras con m√°s #Pokemon de generaciones anteriores y nuevos legendarios.  ya se puede reservar en la #Eshop  https://t.co/MPPYbqwzNm,es,"['pokemonpresents', 'pokemonday', 'pokemonscarletviolet', 'pokemon', 'eshop']",[],1443585237074673682,1443585237074673682,Thefinalgeekcol,The Final Geek·Ö†,1,19,https://twitter.com/Thefinalgeekcol/status/1630274532392030214,[],[],1,https://pbs.twimg.com/ext_tw_video_thumb/1630274278863118336/pu/img/dsKy4RapZpnhsIyT.jpg,False,0,0,0,,#PokemonPresents,,,,,,,[],,,,
49,1630274484262535170,1630274484262535170,1677522700000.0,2023-02-27 19:31:40,+0100,,am i the only one who sees this similar?  #PokemonScarletViolet #Pokemon #PokemonPresents  https://t.co/2HJf8TW4QJ,en,"['pokemonscarletviolet', 'pokemon', 'pokemonpresents']",[],1174863187620978688,1174863187620978688,KingDragonite1,KingDragonite,1,19,https://twitter.com/KingDragonite1/status/1630274484262535170,[],"['https://pbs.twimg.com/media/Fp_lfOzagAEEbpY.png', 'https://pbs.twimg.com/media/Fp_loakaEAA51CB.jpg']",1,https://pbs.twimg.com/media/Fp_lfOzagAEEbpY.png,False,0,0,0,,#PokemonPresents,,,,,,,[],,,,
50,1630274478109343752,1630274478109343752,1677522699000.0,2023-02-27 19:31:39,+0100,,No Mystery Dungeon game.  No spin off game. No classic games added to the Switch.  0/3 for the #PokemonPresents today,en,['pokemonpresents'],[],2806262089,2806262089,mtonarel,Marco T üéÆ Hogwarts Legacy,1,19,https://twitter.com/mtonarel/status/1630274478109343752,[],[],0,,False,0,0,0,,#PokemonPresents,,,,,,,[],,,,
51,1630274474472767491,1630274474472767491,1677522698000.0,2023-02-27 19:31:38,+0100,,So what are you waiting for ‚ú®  #PaulFury #electionresults2023 #NigerianElections2023 #PokemonPresents #benue #PokemonDay  https://t.co/ar97a4QsmP,en,"['paulfury', 'electionresults2023', 'nigerianelections2023', 'pokemonpresents', 'benue', 'pokemonday']",[],1464490934519975942,1464490934519975942,deej_arlo,Deej Arlo,1,19,https://twitter.com/deej_arlo/status/1630274474472767491,[],['https://pbs.twimg.com/media/Fp_l-9bXoAEKwOE.jpg'],1,https://pbs.twimg.com/media/Fp_l-9bXoAEKwOE.jpg,False,1,0,0,,#PokemonPresents,,,,,,,[],,,,
52,1630274406906994689,1629367700756615168,1677522682000.0,2023-02-27 19:31:22,+0100,,@_AfricanUnion @AUC_MoussaFaki Creativity is intelligence having fun.  #PokemonPresents #helaletmiyorum  https://t.co/DBFm4qeeU3,en,"['pokemonpresents', 'helaletmiyorum']",[],948028685772210176,948028685772210176,i1AUoAmIicj5E4d,ÿπÿ®ÿØ ÿßŸÑŸÑŸá,1,19,https://twitter.com/i1AUoAmIicj5E4d/status/1630274406906994689,[],['https://pbs.twimg.com/media/Fp_h-9KagAE2gMu.jpg'],1,https://pbs.twimg.com/media/Fp_h-9KagAE2gMu.jpg,False,0,0,0,,#PokemonPresents,,,,,,,"[{'screen_name': '_AfricanUnion', 'name': 'African Union', 'id': '145935897'}, {'screen_name': 'AUC_MoussaFaki', 'name': 'Moussa Faki Mahamat', 'id': '843360326724829184'}]",,,,
53,1630274373981446145,1630274373981446145,1677522674000.0,2023-02-27 19:31:14,+0100,,#Xiaomi13Pro Acompa√±a a Carel en su huida  https://t.co/V56cqD9N07?‚Ä¶  #PokemonPresents,es,"['xiaomi13pro', 'pokemonpresents']",[],235247199,235247199,AlexClavel_,Alex Clavel,1,19,https://twitter.com/AlexClavel_/status/1630274373981446145,['http://tiktok.com/@diario_urano'],[],0,,False,0,0,0,,#PokemonPresents,,,,,,,[],,,,
54,1630274257686241280,1630274257686241280,1677522646000.0,2023-02-27 19:30:46,+0100,,In need of pokemon thumbnails for #PokemonPresents #PokemonDay  Starting at just $5. Buying 4 gets you 5% Off. Let me design them for you!  Client: QjCosmic  Ignore -&gt; #PokemonScarletViolet #Pokemon #NintendoSwitch #Nintendo #gaming #GFX #GraphicDesign #thumbnail #YouTube  https://t.co/nQd3uoOkO0,en,"['pokemonpresents', 'pokemonday', 'pokemonscarletviolet', 'pokemon', 'nintendoswitch', 'nintendo', 'gaming', 'gfx', 'graphicdesign', 'thumbnail', 'youtube']",[],795769428231090176,795769428231090176,havefates,Leon,1,19,https://twitter.com/havefates/status/1630274257686241280,[],"['https://pbs.twimg.com/media/Fp_kgj2aMAM0oU_.jpg', 'https://pbs.twimg.com/media/Fp_kgj0aAAA0bEc.jpg', 'https://pbs.twimg.com/media/Fp_kgj2akAAtq4E.jpg', 'https://pbs.twimg.com/media/Fp_kgj1aUAAJC0_.jpg']",1,https://pbs.twimg.com/media/Fp_kgj2aMAM0oU_.jpg,False,0,0,0,,#PokemonPresents,,,,,,,[],,,,
55,1630274218083651586,1630274218083651586,1677522637000.0,2023-02-27 19:30:37,+0100,,Pokemon has such a strong hold on me i almost cried about fucking pokemon sleep there are many things wrong with me and I will not be accepting criticism #PokemonPresents,en,['pokemonpresents'],[],1547411552499666944,1547411552499666944,Bunnipeep,Bunni üå±‚òÅÔ∏è‚ú®Ô∏è| tirededest EN vtuberüåô,1,19,https://twitter.com/Bunnipeep/status/1630274218083651586,[],[],0,,False,1,0,0,,#PokemonPresents,,,,,,,[],,,,
56,1630274116342128642,1630274116342128642,1677522613000.0,2023-02-27 19:30:13,+0100,,his name is walking wig #PokemonDay #PokemonPresents #PokemonScarletViolet #WalkingWake  https://t.co/ZbDqCAv6PU,en,"['pokemonday', 'pokemonpresents', 'pokemonscarletviolet', 'walkingwake']",[],1291851484125159424,1291851484125159424,abysswalker4984,Abyss,1,19,https://twitter.com/abysswalker4984/status/1630274116342128642,[],['https://pbs.twimg.com/media/Fp_lqrcWYAA2sGi.jpg'],1,https://pbs.twimg.com/media/Fp_lqrcWYAA2sGi.jpg,False,0,0,0,,#PokemonPresents,,,,,,,[],,,,
57,1630274108121333763,1630274108121333763,1677522611000.0,2023-02-27 19:30:11,+0100,,#PokemonPresents feel like shit just want her back  https://t.co/onPeeWQ5sY,en,['pokemonpresents'],[],1305978246501105676,1305978246501105676,meggy1019,meg,1,19,https://twitter.com/meggy1019/status/1630274108121333763,[],['https://pbs.twimg.com/media/Fp_lpJcWAAA7iud.jpg'],1,https://pbs.twimg.com/media/Fp_lpJcWAAA7iud.jpg,False,1,0,0,,#PokemonPresents,,,,,,,[],,,,
58,1630274107458613250,1630274107458613250,1677522610000.0,2023-02-27 19:30:10,+0100,,Acompa√±a a Carel en su huida  https://t.co/V56cqD9N07?‚Ä¶  #PokemonPresents,es,['pokemonpresents'],[],235247199,235247199,AlexClavel_,Alex Clavel,1,19,https://twitter.com/AlexClavel_/status/1630274107458613250,['http://tiktok.com/@diario_urano'],[],0,,False,0,0,0,,#PokemonPresents,,,,,,,[],,,,
59,1630274087619633152,1630274087619633152,1677522606000.0,2023-02-27 19:30:06,+0100,,#Cat #animals #PokemonPresents #naturelovers #NatureBeauty  https://t.co/XqBcVbieJs,qme,"['cat', 'animals', 'pokemonpresents', 'naturelovers', 'naturebeauty']",[],1433927148105080841,1433927148105080841,shoaibjiii,Abdullah Butt,1,19,https://twitter.com/shoaibjiii/status/1630274087619633152,[],['https://pbs.twimg.com/media/Fp_lpFMWYAAUg8N.jpg'],1,https://pbs.twimg.com/media/Fp_lpFMWYAAUg8N.jpg,False,1,0,0,,#PokemonPresents,,,,,,,[],,,,
60,1630274070255222784,1630274070255222784,1677522602000.0,2023-02-27 19:30:02,+0100,,"Bingo :) Fand diese #PokemonPresents eig solide, aber es geht schon besser.  https://t.co/ruUAKyNM9n",de,['pokemonpresents'],[],1434820406951677953,1434820406951677953,shyguy06_,ShyGuy06 üéÆ,1,19,https://twitter.com/shyguy06_/status/1630274070255222784,[],['https://pbs.twimg.com/media/Fp_loG4XsAIGyM1.jpg'],1,https://pbs.twimg.com/media/Fp_loG4XsAIGyM1.jpg,False,0,0,0,,#PokemonPresents,,,,,,,[],,,,
61,1630274054853730305,1630274054853730305,1677522598000.0,2023-02-27 19:29:58,+0100,,#PokemonPresents j ai refait serpente d eau en dessin #PokemonDay #PokemonScarletViolet  https://t.co/2pr7rEpDqK,fr,"['pokemonpresents', 'pokemonday', 'pokemonscarletviolet']",[],1338774963269103623,1338774963269103623,LeroyQu56095472,Sasori.kiu,1,19,https://twitter.com/LeroyQu56095472/status/1630274054853730305,[],['https://pbs.twimg.com/media/Fp_lm67XwAIlwIu.jpg'],1,https://pbs.twimg.com/media/Fp_lm67XwAIlwIu.jpg,False,0,0,0,,#PokemonPresents,,,,,,,[],,,,
62,1630274033424973824,1630274033424973824,1677522593000.0,2023-02-27 19:29:53,+0100,,Happy Pokemon Day!! Here's some Pokemon art I did for Inktober 2022.  #PokemonPresents #PokemonDay #Pokemon #pokemonart #digitalart #fanart #Procreate  https://t.co/o1R8wZ6GO7,en,"['pokemonpresents', 'pokemonday', 'pokemon', 'pokemonart', 'digitalart', 'fanart', 'procreate']",[],58826002,58826002,LadyPsyScream,Lady Psyüá®üá¶üá∫üá¶,1,19,https://twitter.com/LadyPsyScream/status/1630274033424973824,[],"['https://pbs.twimg.com/media/Fp_lASgXwAUML-1.jpg', 'https://pbs.twimg.com/media/Fp_lBO8WAAgo3kb.jpg', 'https://pbs.twimg.com/media/Fp_lDBTWwAIR4Ir.jpg', 'https://pbs.twimg.com/media/Fp_lQXbXoAE1d1r.jpg']",1,https://pbs.twimg.com/media/Fp_lASgXwAUML-1.jpg,False,1,0,0,,#PokemonPresents,,,,,,,[],,,,
63,1630274018732396545,1630274018732396545,1677522589000.0,2023-02-27 19:29:49,+0100,,"Nintendo presenta nuevos DLCs para Pok√©mon Escarlata y P√∫rpura #Pok√©mon  Bajo el nombre de 'El tesoro oculto del √Årea Cero' tendremos 2 nuevas tramas: ""La m√°scara turquesa"" y ""El disco √≠ndigo"".  Ambas confirmadas para 2023 #PokemonDay #PokemonPresents  #PokemonScarletViolet",es,"['pok√©mon', 'pokemonday', 'pokemonpresents', 'pokemonscarletviolet']",[],1302620058754129920,1302620058754129920,AbelRaul6,Abel Rdz,1,19,https://twitter.com/AbelRaul6/status/1630274018732396545,[],[],0,,False,0,0,0,,#PokemonPresents,,,,,,,[],,,,
64,1630273998549311490,1630273998549311490,1677522584000.0,2023-02-27 19:29:44,+0100,,wonderful view with a Monkeyüêíüêí. #PokemonPresents #AnimalLovers #NaturePhotography #nationalgeographic #hikingadventures @srchafreen @AngelssBecky  https://t.co/RLFUvNKbjd,en,"['pokemonpresents', 'animallovers', 'naturephotography', 'nationalgeographic', 'hikingadventures']",[],1627302367090601984,1627302367090601984,adventure_mima,mima adventure,1,19,https://twitter.com/adventure_mima/status/1630273998549311490,[],['https://pbs.twimg.com/media/Fp_lj9PXwAg5gin.jpg'],1,https://pbs.twimg.com/media/Fp_lj9PXwAg5gin.jpg,False,0,0,0,,#PokemonPresents,,,,,,,[],,,,
65,1630273960607731715,1630271666621218816,1677522575000.0,2023-02-27 19:29:35,+0100,,@BFMTV Creativity is intelligence having fun.  #PokemonPresents #NigerianElections2023  https://t.co/CUPmYVKoc4,en,"['pokemonpresents', 'nigerianelections2023']",[],1284374378868666369,1284374378868666369,BackBac95788793,Back Back,1,19,https://twitter.com/BackBac95788793/status/1630273960607731715,[],['https://pbs.twimg.com/media/Fp_h-9KagAE2gMu.jpg'],1,https://pbs.twimg.com/media/Fp_h-9KagAE2gMu.jpg,False,0,0,0,,#PokemonPresents,,,,,,,"[{'screen_name': 'BFMTV', 'name': 'BFMTV', 'id': '133663801'}]",,,,
66,1630273943331323904,1630273943331323904,1677522571000.0,2023-02-27 19:29:31,+0100,,#PokemonPresents J ai refait vert de fer en dessin #PokemonDay #PokemonScarletViolet  https://t.co/5STDhDE6UK,fr,"['pokemonpresents', 'pokemonday', 'pokemonscarletviolet']",[],1338774963269103623,1338774963269103623,LeroyQu56095472,Sasori.kiu,1,19,https://twitter.com/LeroyQu56095472/status/1630273943331323904,[],['https://pbs.twimg.com/media/Fp_lgcKWYAAq-5t.jpg'],1,https://pbs.twimg.com/media/Fp_lgcKWYAAq-5t.jpg,False,0,0,0,,#PokemonPresents,,,,,,,[],,,,
67,1630273903435345920,1630273903435345920,1677522562000.0,2023-02-27 19:29:22,+0100,,Are you feeling unproductive at your current job? Use Hirey App to find your next job!  #benue #CarabaoCupFinal #ElectionResults #electionresults2023 #PaulFury #PokemonDay #PokemonPresents #TrendingNow #Crypto #cryptocurrency  #JakePaul #JobAlert #tech #Finance #Arizona  https://t.co/RpWVZZeJOy,en,"['benue', 'carabaocupfinal', 'electionresults', 'electionresults2023', 'paulfury', 'pokemonday', 'pokemonpresents', 'trendingnow', 'crypto', 'cryptocurrency', 'jakepaul', 'jobalert', 'tech', 'finance', 'arizona']",[],1584721682991747073,1584721682991747073,HireyApp,Hirey,1,19,https://twitter.com/HireyApp/status/1630273903435345920,[],['https://pbs.twimg.com/media/Fp_leE6aAAA4K6C.jpg'],1,https://pbs.twimg.com/media/Fp_leE6aAAA4K6C.jpg,False,1,0,0,,#PokemonPresents,,,,,,,[],,,,
68,1630273878713876480,1630273878713876480,1677522556000.0,2023-02-27 19:29:16,+0100,,The way I really expected Chris Brown to pop up üòÇüòÇüòÇ#PokemonPresents,en,['pokemonpresents'],[],1508588218995945478,1508588218995945478,GhibliGal,Nae üçÑ,1,19,https://twitter.com/GhibliGal/status/1630273878713876480,[],[],0,,False,1,0,0,,#PokemonPresents,,,,,,,[],,,,
69,1630273868777631745,1630273868777631745,1677522553000.0,2023-02-27 19:29:13,+0100,,#benue #CarabaoCupFinal #ElectionResults #electionresults2023 #NigerianElections2023 #PaulFury #PokemonDay #PokemonPresents  https://t.co/3Dlfyl28HF,qme,"['benue', 'carabaocupfinal', 'electionresults', 'electionresults2023', 'nigerianelections2023', 'paulfury', 'pokemonday', 'pokemonpresents']",[],1607119976569126915,1607119976569126915,savetheearth420,Save the Earth,1,19,https://twitter.com/savetheearth420/status/1630273868777631745,[],[],1,https://pbs.twimg.com/ext_tw_video_thumb/1630273816793346049/pu/img/07Zv5Q76nPT1M4hg.jpg,False,1,0,0,,#PokemonPresents,,,,,,,[],,,,
70,1630273841334239235,1630273841334239235,1677522547000.0,2023-02-27 19:29:07,+0100,,#gymnastics @thegymterdotnet @gymnastea @uclagymnastics #PaulFury #electionresults2023 #NigerianElections2023 #PokemonPresents  https://t.co/gyRJXjJn1Y,qme,"['gymnastics', 'paulfury', 'electionresults2023', 'nigerianelections2023', 'pokemonpresents']",[],1569747448746360832,1569747448746360832,coachfaizo,Lugolobi Faizo,1,19,https://twitter.com/coachfaizo/status/1630273841334239235,[],['https://pbs.twimg.com/tweet_video_thumb/Fp_lUxUXsAA5uWW.jpg'],1,https://pbs.twimg.com/tweet_video_thumb/Fp_lUxUXsAA5uWW.jpg,False,0,0,0,,#PokemonPresents,,,,,,,[],,,,
71,1630273831985184769,1630273831985184769,1677522545000.0,2023-02-27 19:29:05,+0100,,"Which new Paradox Pok√©mon is your favorite from the presents today? For me, Walking Wake takes it. Iron Leaves is awesome too, but I just don't like how the name ""Iron"" is being used again. #Pokemon #PokemonDay #PokemonPresents",en,"['pokemon', 'pokemonday', 'pokemonpresents']",[],951593865806565376,951593865806565376,Guest_1056UserR,GuestySFM (Pokemon Day TODAY!!!),1,19,https://twitter.com/Guest_1056UserR/status/1630273831985184769,[],[],0,,False,0,0,0,,#PokemonPresents,,,,,,,[],,,,
72,1630273781586329608,1630273781586329608,1677522533000.0,2023-02-27 19:28:53,+0100,,"I really love the new moho jojo - incineroar yokai dog Pok√©mon, what a cutie. #art #digitalart #PokemonPresents #PokemonScarletViolet #furry #furryartwork #furryartist #okidogi #fanart  https://t.co/HFyw7jBZO1",en,"['art', 'digitalart', 'pokemonpresents', 'pokemonscarletviolet', 'furry', 'furryartwork', 'furryartist', 'okidogi', 'fanart']",[],1470038429731897382,1470038429731897382,sals_mayonise,sals_mayonise üêü (COMMS OPEN),1,19,https://twitter.com/sals_mayonise/status/1630273781586329608,[],['https://pbs.twimg.com/media/Fp_lBbEXwAAWZZQ.jpg'],1,https://pbs.twimg.com/media/Fp_lBbEXwAAWZZQ.jpg,False,3,0,0,,#PokemonPresents,,,,,,,[],,,,
73,1630273743846260736,1630273743846260736,1677522524000.0,2023-02-27 19:28:44,+0100,,The #PokemonPresents was some how less hype for me than the #playstation #StateOfPlay‚Ä¶ üòÇ that says alot,en,"['pokemonpresents', 'playstation', 'stateofplay']",[],4840779204,4840779204,TheShaneM,TheShaneM,1,19,https://twitter.com/TheShaneM/status/1630273743846260736,[],[],0,,False,1,0,0,,#PokemonPresents,,,,,,,[],,,,
74,1630273706474844162,1630273706474844162,1677522515000.0,2023-02-27 19:28:35,+0100,,I just thought of something. Steam signature move? A water type that can learn Fire attacks? Where have I seen that before?  #PokemonDay #PokemonPresents  https://t.co/8RM0uvw4Vg,en,"['pokemonday', 'pokemonpresents']",[],1061496478605152257,1061496478605152257,jadeazora,Jadeazora,1,19,https://twitter.com/jadeazora/status/1630273706474844162,[],['https://pbs.twimg.com/media/Fp_lS_sXwAAPFiT.jpg'],1,https://pbs.twimg.com/media/Fp_lS_sXwAAPFiT.jpg,False,0,0,0,,#PokemonPresents,,,,,,,[],,,,
75,1630273682030338049,1630273682030338049,1677522509000.0,2023-02-27 19:28:29,+0100,,NEW VIDEO ALERT!!!   We watched the presents live and here‚Äôs my reactions‚Ä¶    https://t.co/2f3rB2Pue6  #PokemonDay #PokemonPresents #PokemonScarletViolet  https://t.co/36wMfawnq8,en,"['pokemonday', 'pokemonpresents', 'pokemonscarletviolet']",[],1071099256751177728,1071099256751177728,TiLLERpkmn,TiLLER,1,19,https://twitter.com/TiLLERpkmn/status/1630273682030338049,['https://m.youtube.com/watch?v=9rDZO--GAzQ'],['https://pbs.twimg.com/media/Fp_lRdYWwAIgGv0.jpg'],1,https://pbs.twimg.com/media/Fp_lRdYWwAIgGv0.jpg,False,9,1,1,,#PokemonPresents,,,,,,,[],,,,
76,1630273659989291010,1630273659989291010,1677522504000.0,2023-02-27 19:28:24,+0100,,"""If You Want The Rainbow You Gotta Put Up With The Rain"" - üí¶  #share #Tweets #LikeForLikes #PaulFury #PokemonPresents #CarabaoCupFinal  https://t.co/pDfB92rz1Z",en,"['share', 'tweets', 'likeforlikes', 'paulfury', 'pokemonpresents', 'carabaocupfinal']",[],1567013522374008833,1567013522374008833,chancel_ashley,Ashley Chancel,1,19,https://twitter.com/chancel_ashley/status/1630273659989291010,[],['https://pbs.twimg.com/media/Fp_lQL9XwAASfAr.jpg'],1,https://pbs.twimg.com/media/Fp_lQL9XwAASfAr.jpg,False,0,0,0,,#PokemonPresents,,,,,,,[],,,,
77,1630273650761793537,1630273650761793537,1677522502000.0,2023-02-27 19:28:22,+0100,,NO LO TE LO PIERDAS! üî•NOVEDADES POKEMON DAYüî•  POKEMON ESCARLATA &amp; PURPURA DLC #pokemonscarleta...  https://t.co/zeFZuqieQE a trav√©s de @YouTube   #PokemonDay #PokemonPresents #PokemonScarletViolet #Pokemon,es,"['pokemonscarleta', 'pokemonday', 'pokemonpresents', 'pokemonscarletviolet', 'pokemon']",[],1295391719480004610,1295391719480004610,AlphaLyonOK,AlphaLyon,1,19,https://twitter.com/AlphaLyonOK/status/1630273650761793537,['https://youtu.be/97P9uc00ZBc'],[],0,,False,0,0,0,,#PokemonPresents,,,,,,,[],,,,
78,1630273584169123845,1630273584169123845,1677522486000.0,2023-02-27 19:28:06,+0100,,Ku kira ukthi ternyata naughty üëâ  https://t.co/5dyQQt4AWl üëâ  https://t.co/xp0UkFBQLG üëâ  https://t.co/istdumlqcI üëâ  https://t.co/9367nDcZud üëâ  https://t.co/dJwdQnwpEH  Jgn lupa follow dan RT  #PokemonPresents #CarabaoCupFinal #Ajax #MUFC #ukthi #Netflix  https://t.co/Yapx29XvHd,in,"['pokemonpresents', 'carabaocupfinal', 'ajax', 'mufc', 'ukthi', 'netflix']",[],875116724521062401,875116724521062401,asupankuuy,BOCAH TUA NAKAL,1,19,https://twitter.com/asupankuuy/status/1630273584169123845,"['https://dood.yt/d/fm4pz0m32caw', 'https://dood.yt/d/a296llxtyh3f', 'https://dood.yt/d/nrc36yimcqs6', 'https://dood.yt/d/su6o9qamfes1', 'https://dood.yt/d/r6xl0isyhunm']",['https://pbs.twimg.com/media/Fp_lLx0agAEQyk_.jpg'],1,https://pbs.twimg.com/media/Fp_lLx0agAEQyk_.jpg,False,0,0,0,,#PokemonPresents,,,,,,,[],,,,
79,1630273580679217153,1630273580679217153,1677522485000.0,2023-02-27 19:28:05,+0100,,#PokemonDay #PokemonPresents #Pokemon  https://t.co/WYkxfiZCPK,qme,"['pokemonday', 'pokemonpresents', 'pokemon']",[],1125668921615507456,1125668921615507456,bad_panda18,Ahmad (Panda) ‚ôêÔ∏è (18+ Content),1,19,https://twitter.com/bad_panda18/status/1630273580679217153,[],"['https://pbs.twimg.com/media/Fp_lLQ1WAAE6Ehj.jpg', 'https://pbs.twimg.com/media/Fp_lLQ0WAAEzx9r.jpg']",1,https://pbs.twimg.com/media/Fp_lLQ1WAAE6Ehj.jpg,False,0,0,0,,#PokemonPresents,,,,,,,[],,,,
80,1630273551755354112,1630273551755354112,1677522478000.0,2023-02-27 19:27:58,+0100,,Resumen del Pok√©mon Direct Descubre las sorpresas que nos esperan en el mundo Pok√©mon  https://t.co/8LhbsrZn07 a trav√©s de @YouTube  @Pokemonlatam @JCCPokemonES @PokemonMasters @pokemoncafemix #PokemonPresents #PokemonDay #PokemonScarletViolet,es,"['pokemonpresents', 'pokemonday', 'pokemonscarletviolet']",[],1558464866654081024,1558464866654081024,ResistanceGeek,geek resistance,1,19,https://twitter.com/ResistanceGeek/status/1630273551755354112,['https://youtu.be/0ePpocb1Rvc'],[],0,,False,0,0,0,,#PokemonPresents,,,,,,,[],,,,
81,1630273493727059976,1630273493727059976,1677522464000.0,2023-02-27 19:27:44,+0100,,ÿ¢ÿ¨ ⁄àÿßÿ¶ÿ±€å⁄©ŸπŸàÿ±€åŸπ ÿ¢ŸÅ €Å€åŸÑÿ™⁄æ ÿ≥ÿ±Ÿàÿ≥ÿ≤ ŸàÿßŸÇÿπ ÿ≥ÿßÿ®ŸÇ€Å ŸÅÿßŸπÿß ÿ≥€å⁄©ÿ±Ÿπÿ±€åŸπ ŸÖ€å⁄∫ ÿπÿßŸÑŸÖ€å ÿßÿØÿßÿ±€Å ÿµÿ≠ÿ™ ŸÜ€í ŸÖÿ≠⁄©ŸÖ€Å ÿµÿ≠ÿ™ ÿÆ€åÿ®ÿ±ŸæÿÆÿ™ŸàŸÜÿÆŸàÿß ⁄©Ÿà ŸÖŸàÿ®ÿßÿ¶ŸÑ €Åÿ≥Ÿæÿ™ÿßŸÑÿå3 ÿß€åŸÖÿ®ŸàŸÑ€åŸÜÿ≥ÿå 2 ŸÖŸàÿ®ÿßÿ¶ŸÑ Ÿà€å⁄©ÿ≥€åŸÜ€åÿ¥ŸÜ Ÿà€åŸÜÿå ŸÖÿß⁄∫ ÿßŸàÿ± ÿ®⁄Ü€í ⁄©€å ÿµÿ≠ÿ™ ⁄©€å ÿ®€Åÿ™ÿ±€å ⁄©€åŸÑÿ¶€í ÿ≥ÿßŸÖÿßŸÜ ŸÅÿ±ÿß€ÅŸÖ ⁄©€å #WHO #KPHealth #electionresults2023 #PokemonPresents #CarabaoCupFinal  https://t.co/lfXSbBnavN,ur,"['who', 'kphealth', 'electionresults2023', 'pokemonpresents', 'carabaocupfinal']",[],1421728460813262854,1421728460813262854,khanwaziroficil,Khan Wazir Official,1,19,https://twitter.com/khanwaziroficil/status/1630273493727059976,[],[],1,https://pbs.twimg.com/ext_tw_video_thumb/1630273307097411589/pu/img/UQPjbmZnNxJct4bz.jpg,False,0,0,0,,#PokemonPresents,,,,,,,[],,,,
82,1630273485766381568,1630273485766381568,1677522462000.0,2023-02-27 19:27:42,+0100,,No more fear #obi #Inec #electionresults2023 #PokemonPresents #ElectionResults #endinec #PaulFury #Nigera #Obidatti  https://t.co/dR7c9A1faa,en,"['obi', 'inec', 'electionresults2023', 'pokemonpresents', 'electionresults', 'endinec', 'paulfury', 'nigera', 'obidatti']",[],1544604322058719232,1544604322058719232,MelodyTika1,Melodyvisualss,1,19,https://twitter.com/MelodyTika1/status/1630273485766381568,[],['https://pbs.twimg.com/media/Fp_lE7-WYAIJvJh.jpg'],1,https://pbs.twimg.com/media/Fp_lE7-WYAIJvJh.jpg,False,0,0,0,,#PokemonPresents,,,,,,,[],,,,
83,1630273456972365824,1630273456972365824,1677522455000.0,2023-02-27 19:27:35,+0100,,Do not get jealous (WARNING) #PaulFury #electionresults2023 #ÿßŸÑŸáŸÑÿßŸÑ_ÿßŸÑÿØÿ≠ŸäŸÑ #NigerianElections2023 #PokemonPresents #ElectionResults  https://t.co/ZNAEyDZ2YI,en,"['paulfury', 'electionresults2023', 'ÿßŸÑŸáŸÑÿßŸÑ_ÿßŸÑÿØÿ≠ŸäŸÑ', 'nigerianelections2023', 'pokemonpresents', 'electionresults']",[],1625166513773617152,1625166513773617152,littlefan_Jimin,Zainab,1,19,https://twitter.com/littlefan_Jimin/status/1630273456972365824,[],['https://pbs.twimg.com/media/Fp_lEePX0AA4KgZ.jpg'],1,https://pbs.twimg.com/media/Fp_lEePX0AA4KgZ.jpg,False,2,0,0,,#PokemonPresents,,,,,,,[],,,,
84,1630273437204729861,1628136854292770816,1677522451000.0,2023-02-27 19:27:31,+0100,,"Appena recuperato trailer e informazioni dei nuovi DLC, non vedo davvero l‚Äôora di giocarci e scoprire come continuer√† questa misteriosa storia, peccato solo che toccher√† aspettare fino a Novembre per giocare al primo DLC. #PokemonDay #PokemonPresents",it,"['pokemonday', 'pokemonpresents']",[],235760861,235760861,Diukvalanga,·ó´Ííê·òÆÍÄò·êØ·óó‚±¢·óó·òâ·òú·óó,1,19,https://twitter.com/Diukvalanga/status/1630273437204729861,[],[],0,,False,1,0,0,,#PokemonPresents,,,,,,,[],,,,
85,1630273407349665794,1630273407349665794,1677522443000.0,2023-02-27 19:27:23,+0100,,DLC clothing #PokemonDay #PokemonPresents #Pokemon  https://t.co/Qgdy4AErnM,en,"['pokemonday', 'pokemonpresents', 'pokemon']",[],1125668921615507456,1125668921615507456,bad_panda18,Ahmad (Panda) ‚ôêÔ∏è (18+ Content),1,19,https://twitter.com/bad_panda18/status/1630273407349665794,[],['https://pbs.twimg.com/media/Fp_lBR1XoAAdq6i.jpg'],1,https://pbs.twimg.com/media/Fp_lBR1XoAAdq6i.jpg,False,0,0,0,,#PokemonPresents,,,,,,,[],,,,
86,1630273389741891590,1630273389741891590,1677522439000.0,2023-02-27 19:27:19,+0100,,schlechtes #PokemonPresents every #PokemonDay,de,"['pokemonpresents', 'pokemonday']",[],2641287139,2641287139,Senichiro_TTV,Senichiro,1,19,https://twitter.com/Senichiro_TTV/status/1630273389741891590,[],[],0,,False,1,0,0,,#PokemonPresents,,,,,,,[],,,,
87,1630273381407813633,1630273381407813633,1677522437000.0,2023-02-27 19:27:17,+0100,,#PokemonPresents  https://t.co/vtnebPdfuq,qme,['pokemonpresents'],[],1176850882639663105,1176850882639663105,capu_chiii,capu @ in my boob drawing era,1,19,https://twitter.com/capu_chiii/status/1630273381407813633,[],['https://pbs.twimg.com/media/Fp_k_5-XoAESp6t.jpg'],1,https://pbs.twimg.com/media/Fp_k_5-XoAESp6t.jpg,False,0,0,0,,#PokemonPresents,,,,,,,[],,,,
88,1630273322712993793,1630273322712993793,1677522423000.0,2023-02-27 19:27:03,+0100,,Voy hacer un rotom m√≥vil ay√± ü•∞   #PokemonPresents #PokemonDay #PokemonUNITE #PokemonGO  https://t.co/bNaJbWMv5q,es,"['pokemonpresents', 'pokemonday', 'pokemonunite', 'pokemongo']",[],1610742353538449419,1610742353538449419,alexisrisukaGo,El ferry ü´∞,1,19,https://twitter.com/alexisrisukaGo/status/1630273322712993793,[],['https://pbs.twimg.com/media/Fp_k8nDXwAE3t5v.jpg'],1,https://pbs.twimg.com/media/Fp_k8nDXwAE3t5v.jpg,False,0,0,0,,#PokemonPresents,,,,,,,[],,,,
89,1630273209529511937,1630273209529511937,1677522396000.0,2023-02-27 19:26:36,+0100,,#GOGhimmighoul #pokemon #PokemonGO #PokemonPresents #PokemonDay,qht,"['goghimmighoul', 'pokemon', 'pokemongo', 'pokemonpresents', 'pokemonday']",[],1467841375651647499,1467841375651647499,deamexcode,Deamexcode,1,19,https://twitter.com/deamexcode/status/1630273209529511937,[],[],0,,False,0,0,0,https://twitter.com/PokemonGoApp/status/1630238757814140928,#PokemonPresents,,,,,,,[],,,,
90,1630273133386121217,1630273133386121217,1677522378000.0,2023-02-27 19:26:18,+0100,,"Ya en fr√≠o, salvando el nivel del #PokemonPresents que para ser el ¬´d√≠a de Pok√©mon¬ª ha sido paup√©rrimo, los DLCs pintan divertidos y emocionantes. Me gustaron mucho los de Galar y de estos no espero menos. Pero lo dem√°s ha dejado much√≠simo que desear.",es,['pokemonpresents'],[],213441131,213441131,HeartsKnight,Fran,1,19,https://twitter.com/HeartsKnight/status/1630273133386121217,[],[],0,,False,0,1,0,https://twitter.com/nintendoes/status/1630226320473858048,#PokemonPresents,,,,,,,[],,,,
91,1630273116805931009,1630273116805931009,1677522374000.0,2023-02-27 19:26:14,+0100,,üì± Pok√©mon Go Plus ser√° un dispositivo que permita agilizar nuestras capturas en Pok√©mon Go. Han anunciado adem√°s que tambi√©n podr√° usarse en Pok√©mon Sleep. Mejor vedlo vosotros mismos. üëá   https://t.co/yZRB8GnrCE #PokemonPresents #PokemonGo #PokemonSleep  https://t.co/Rqm3tgZPLE,es,"['pokemonpresents', 'pokemongo', 'pokemonsleep']",[],1555174329775788032,1555174329775788032,theswallowshow,üëæ The Swallow Show,1,19,https://twitter.com/theswallowshow/status/1630273116805931009,['https://www.youtube.com/watch?v=x4w1wPrExEo&ab_channel=PokemonOficialES'],['https://pbs.twimg.com/media/Fp_kJlGXoAA3fxh.jpg'],1,https://pbs.twimg.com/media/Fp_kJlGXoAA3fxh.jpg,False,0,0,0,,#PokemonPresents,,,,,,,[],,,,
92,1630273108924944385,1630273108924944385,1677522372000.0,2023-02-27 19:26:12,+0100,,Eben #PokemonPresents nachgeholt.... Das wars? Das soll #PokemonPresents gewesen sein?  https://t.co/2kknXSZ1qE,de,"['pokemonpresents', 'pokemonpresents']",[],1552672873491431424,1552672873491431424,ImmerDieserLU,eLUn Musky,1,19,https://twitter.com/ImmerDieserLU/status/1630273108924944385,[],['https://pbs.twimg.com/media/Fp_kwHkXwAo9NsP.jpg'],1,https://pbs.twimg.com/media/Fp_kwHkXwAo9NsP.jpg,False,1,0,0,,#PokemonPresents,,,,,,,[],,,,
93,1630273082341326854,1630273082341326854,1677522366000.0,2023-02-27 19:26:06,+0100,,#PokemonDay  #PokemonPresents #PokemonScarletViolet #Pokemon  https://t.co/XgXvCzyh3k,qme,"['pokemonday', 'pokemonpresents', 'pokemonscarletviolet', 'pokemon']",[],1125668921615507456,1125668921615507456,bad_panda18,Ahmad (Panda) ‚ôêÔ∏è (18+ Content),1,19,https://twitter.com/bad_panda18/status/1630273082341326854,[],"['https://pbs.twimg.com/media/Fp_ks0fX0AQWi8e.jpg', 'https://pbs.twimg.com/media/Fp_ks0aWwAIM0VY.jpg']",1,https://pbs.twimg.com/media/Fp_ks0fX0AQWi8e.jpg,False,0,0,0,,#PokemonPresents,,,,,,,[],,,,
94,1630273030562668546,1630273030562668546,1677522354000.0,2023-02-27 19:25:54,+0100,,#PokemonDay @Pokemon @PokemonFR @Pokemon_cojp On en parle du Pikachu pendant le #PokemonPresents ü§Ø Je le commande o√π ?  https://t.co/dweWy5h3oO,fr,"['pokemonday', 'pokemonpresents']",[],1391736004902522881,1391736004902522881,ArthurMugiwara,Arthur Mugiwara,1,19,https://twitter.com/ArthurMugiwara/status/1630273030562668546,[],[],1,https://pbs.twimg.com/ext_tw_video_thumb/1630272914762113024/pu/img/v8I1L1YbCy0ubADj.jpg,False,2,0,0,,#PokemonPresents,,,,,,,[],,,,
95,1630272970009767936,1630272970009767936,1677522339000.0,2023-02-27 19:25:39,+0100,,#PokemonPresents‚ÄØ‚ÄØ‚ÄØ was a bit disappointing personally. The world's dates announcement means I miss out on going to worlds by 2 weeks... üò≠  DLC was expected and looks good but personally thought there would be old school pokemon announced for NSO. I was soo hyped for it.  https://t.co/zllwdLIDek,en,['pokemonpresents'],[],1055377613290582017,1055377613290582017,Zombies203,Zombies203,1,19,https://twitter.com/Zombies203/status/1630272970009767936,[],['https://pbs.twimg.com/tweet_video_thumb/Fp_knfIakAADYb3.jpg'],1,https://pbs.twimg.com/tweet_video_thumb/Fp_knfIakAADYb3.jpg,False,1,0,0,,#PokemonPresents,,,,,,,[],,,,
96,1630272902040899584,1630272902040899584,1677522323000.0,2023-02-27 19:25:23,+0100,,"Hey, I need help with virizion tera raids in Pokemon Violet, who wants to join? üò∞üò∞üò∞üò∞  #PokemonPresents  #PokemonScarletViolet #PokemonDay",en,"['pokemonpresents', 'pokemonscarletviolet', 'pokemonday']",[],1345083903091101698,1345083903091101698,TeDeMenta3,Dang0_Lab,1,19,https://twitter.com/TeDeMenta3/status/1630272902040899584,[],[],0,,False,0,1,0,,#PokemonPresents,,,,,,,[],,,,
97,1630272835888484352,1630272835888484352,1677522307000.0,2023-02-27 19:25:07,+0100,,visit our website here üíªüë®üèø‚Äçüíªüñ• üî¥  https://t.co/mUK8vNY9SY #PaulFury #PokemonPresents,en,"['paulfury', 'pokemonpresents']",[],2614845182,2614845182,iuiclosangeles,IUIC Los Angeles,1,19,https://twitter.com/iuiclosangeles/status/1630272835888484352,['https://solo.to/unitedinchrist'],[],0,,False,0,0,0,https://twitter.com/iuiclosangeles/status/1630272499681480705,#PokemonPresents,,,,,,,[],,,,
98,1630272790090911745,1630272790090911745,1677522296000.0,2023-02-27 19:24:56,+0100,,Friend oh friend+_- ___________________________ #electionresults2023  #PaulFury #PokemonPresents  #PokemonDay #love #mrfuncrzy #twst„Éó„É©„Çπ,en,"['electionresults2023', 'paulfury', 'pokemonpresents', 'pokemonday', 'love', 'mrfuncrzy', 'twst„Éó„É©„Çπ']",[],1624401528856666114,1624401528856666114,haadzir,Muhammad Haadzir Arham,1,19,https://twitter.com/haadzir/status/1630272790090911745,[],[],0,,False,2,0,0,,#PokemonPresents,,,,,,,[],,,,
99,1630272781743976449,1630272781743976449,1677522294000.0,2023-02-27 19:24:54,+0100,,#PokemonDay  #PokemonScarletViolet  #Pokemon #PokemonPresents   What we know about (The) #TealMask DLC:  We know that Teal Mask takes place in an Asian-inspired area  We know Momotaro is a factor in it  ...It also makes me wonder if this may have a link to Hisu,en,"['pokemonday', 'pokemonscarletviolet', 'pokemon', 'pokemonpresents', 'tealmask']",[],180891102,180891102,TheFinalDoctor,J.D. Sadler,1,19,https://twitter.com/TheFinalDoctor/status/1630272781743976449,[],[],0,,False,0,0,0,,#PokemonPresents,,,,,,,[],,,,
100,1630272742078414850,1630272742078414850,1677522285000.0,2023-02-27 19:24:45,+0100,,Time to setup everything for streaming tomorrow all the hype in the world Let's GOOOOOOOOO #PokemonPresents #PokemonDay #PokemonScarletViolet #ShinyCheck #shiny #smallstreamers #Pokemon #hype #pokemonscarlet #PokemonViolet  https://t.co/AoDT3OvLUV,en,"['pokemonpresents', 'pokemonday', 'pokemonscarletviolet', 'shinycheck', 'shiny', 'smallstreamers', 'pokemon', 'hype', 'pokemonscarlet', 'pokemonviolet']",[],1602140669207773187,1602140669207773187,Killerpollo_ttv,killerpollottv,1,19,https://twitter.com/Killerpollo_ttv/status/1630272742078414850,[],['https://pbs.twimg.com/media/Fp_ka2hWIAE2pAI.jpg'],1,https://pbs.twimg.com/media/Fp_ka2hWIAE2pAI.jpg,False,0,0,1,,#PokemonPresents,,,,,,,[],,,,
101,1630272729487380481,1630272729487380481,1677522282000.0,2023-02-27 19:24:42,+0100,,Home Run Snow Festival concluded at snow covered Malam Jabba. More than 80 atheletes participated in the event. #KP360Updates #PaulFury #electionresults2023 #NigerianElections2023 #PokemonPresents #benue  https://t.co/G6TP8eK6KY,en,"['kp360updates', 'paulfury', 'electionresults2023', 'nigerianelections2023', 'pokemonpresents', 'benue']",[],1538149210633261057,1538149210633261057,NaseerA37070965,Naseer Ali,1,19,https://twitter.com/NaseerA37070965/status/1630272729487380481,[],[],1,https://pbs.twimg.com/ext_tw_video_thumb/1630272423852486658/pu/img/hZFMUHA5GhpO9HLu.jpg,False,2,0,0,,#PokemonPresents,,,,,,,[],,,,
102,1630272697061068802,1630272697061068802,1677522274000.0,2023-02-27 19:24:34,+0100,,c'est grave je commence √† trouver suicune un peu cool avec le recul... #PokemonPresents  https://t.co/iS9H8EvOFB,fr,['pokemonpresents'],[],1251756352004861957,1251756352004861957,NivelNVL,Nivel,1,19,https://twitter.com/NivelNVL/status/1630272697061068802,[],['https://pbs.twimg.com/media/Fp_kYL7WcAAAJ6K.jpg'],1,https://pbs.twimg.com/media/Fp_kYL7WcAAAJ6K.jpg,False,1,0,0,,#PokemonPresents,,,,,,,[],,,,
103,1630272682213228545,1630272682213228545,1677522271000.0,2023-02-27 19:24:31,+0100,,"The WHO representative for Pakistan handed over four vehicles equipped with medical equipment, medicines and other necessary supplies to the Health Department. #PaulFury #PokemonPresents‚ÄØ‚ÄØ‚ÄØ  #Dollar #ÿßŸÖÿ¨ÿØ_ÿ¥ÿπ€åÿ®_⁄©Ÿà_ÿ±€Åÿß_⁄©ÿ±Ÿà #WorldsBiggestTeaParty #ÿ∏ÿßŸÑŸÖŸà⁄∫_Ÿæÿ±Ÿæ€ÅŸÑÿßŸàÿßÿ±ÿ¥Ÿπÿ±⁄àÿßÿ§ŸÜ_€Å⁄ëÿ™ÿßŸÑ  https://t.co/KUHShfg24G",en,"['paulfury', 'pokemonpresents', 'dollar', 'ÿßŸÖÿ¨ÿØ_ÿ¥ÿπ€åÿ®_⁄©Ÿà_ÿ±€Åÿß_⁄©ÿ±Ÿà', 'worldsbiggestteaparty', 'ÿ∏ÿßŸÑŸÖŸà⁄∫_Ÿæÿ±Ÿæ€ÅŸÑÿßŸàÿßÿ±ÿ¥Ÿπÿ±⁄àÿßÿ§ŸÜ_€Å⁄ëÿ™ÿßŸÑ']",[],1040472789747200000,1040472789747200000,ATIF_ULLAH07,ÿπÿßÿ∑ŸÅ ÿßŸÑŸÑ€Å,1,19,https://twitter.com/ATIF_ULLAH07/status/1630272682213228545,[],[],1,https://pbs.twimg.com/ext_tw_video_thumb/1630272532493262849/pu/img/jE-i96w-H3KS6LbR.jpg,False,1,0,1,,#PokemonPresents,,,,,,,[],,,,
104,1630272668044853252,1630272668044853252,1677522267000.0,2023-02-27 19:24:27,+0100,,Looks really fun. Cant wait #PokemonViolet  #PokemonPresents,en,"['pokemonviolet', 'pokemonpresents']",[],1046066352828682251,1046066352828682251,oceanmeiko,Kanelikettu üíú,1,19,https://twitter.com/oceanmeiko/status/1630272668044853252,[],[],0,,False,0,0,0,https://twitter.com/SerebiiNet/status/1630218067241205760,#PokemonPresents,,,,,,,[],,,,
105,1630272502956957699,1630272502956957699,1677522228000.0,2023-02-27 19:23:48,+0100,,"I'm happy I didn't stay up for that #PokemonPresents, lol.",en,['pokemonpresents'],[],1230675696416063490,1230675696416063490,SmartHomeJose,Jose A. Arroyo | @MechaBladeZ,1,19,https://twitter.com/SmartHomeJose/status/1630272502956957699,[],[],0,,False,0,0,0,,#PokemonPresents,,,,,,,[],,,,
106,1630272496992673793,1630272496992673793,1677522226000.0,2023-02-27 19:23:46,+0100,,"üò± it's The Pokemon Day üò±  I'm going to play to Pokemon GO!! Oh no, I'm already playing.  What did you think?  Did you think I was just going to play because it was Pokemon day?  I AM A TRUE FAN  POKEMON FOREVER  #Pokemon #PokemonDay #PokemonPresents",en,"['pokemon', 'pokemonday', 'pokemonpresents']",[],1486372461914558472,1486372461914558472,excelsior_kevin,excelsior.kevin,1,19,https://twitter.com/excelsior_kevin/status/1630272496992673793,[],[],0,,False,0,0,0,,#PokemonPresents,,,,,,,[],,,,
107,1630272494207893504,1630272494207893504,1677522226000.0,2023-02-27 19:23:46,+0100,,Pokemon knew what they were doing with Okidogi #PokemonDay #Pokemon #PokemonPresents  https://t.co/V2kL8KZrKS,en,"['pokemonday', 'pokemon', 'pokemonpresents']",[],704073830113759232,704073830113759232,NoGoodDeadBeat,lightüåå,1,19,https://twitter.com/NoGoodDeadBeat/status/1630272494207893504,[],['https://pbs.twimg.com/media/Fp_kMO0aYAA_xhJ.jpg'],1,https://pbs.twimg.com/media/Fp_kMO0aYAA_xhJ.jpg,False,8,0,1,,#PokemonPresents,,,,,,,[],,,,
108,1630272465363701760,1630272465363701760,1677522219000.0,2023-02-27 19:23:39,+0100,,#PokemonPresents    https://t.co/Yg1rwil6Z9,qme,['pokemonpresents'],[],1615033097640189952,1615033097640189952,alomeli_natalia,Natalia Alomeli,1,19,https://twitter.com/alomeli_natalia/status/1630272465363701760,[],[],1,https://pbs.twimg.com/amplify_video_thumb/1630260930591309824/img/51816dEuhQbVFYWh.jpg,False,0,0,0,,#PokemonPresents,,,,,,,[],,,,
109,1630272464604344322,1630272464604344322,1677522219000.0,2023-02-27 19:23:39,+0100,,"DeWalt Hearing Protection $37.39, originally $70.65  https://t.co/NrByFwvw5w #Deals #AmazonDeals #PokemonPresents",en,"['deals', 'amazondeals', 'pokemonpresents']",[],1478812594068676618,1478812594068676618,LindseyDeals,Lindsey‚Äôs Deals,1,19,https://twitter.com/LindseyDeals/status/1630272464604344322,['https://amzn.to/3kx8lOZ'],[],0,,False,0,0,0,,#PokemonPresents,,,,,,,[],,,,
110,1630272456291401728,1630272456291401728,1677522217000.0,2023-02-27 19:23:37,+0100,,"Momma said, "" If you ain't got nothing nice to say, Don't say nothing. Not everyone gotta here all that mess"" #Civility #HumanRights #PokemonPresents",en,"['civility', 'humanrights', 'pokemonpresents']",[],1408106431459385346,1408106431459385346,blk_exc,"Akil ‚≠ï Patterson: News, Interviews and Sports",1,19,https://twitter.com/blk_exc/status/1630272456291401728,[],[],0,,False,0,0,0,https://twitter.com/fox12oregon/status/1630228783272689664,#PokemonPresents,,,,,,,[],,,,
111,1630272388800684034,1630216054004674560,1677522201000.0,2023-02-27 19:23:21,+0100,,"@DiamondTrainerb Concordo, que vergonha  este #PokemonPresents foi o pior dos #PokemonDay",pt,"['pokemonpresents', 'pokemonday']",[],590906164,590906164,fellipemalves,Felipe Alves,1,19,https://twitter.com/fellipemalves/status/1630272388800684034,[],[],0,,False,1,0,0,,#PokemonPresents,,,,,,,"[{'screen_name': 'DiamondTrainerb', 'name': 'Diamond Trainer', 'id': '3033758945'}]",,,,
112,1630272345456758784,1630272345456758784,1677522190000.0,2023-02-27 19:23:10,+0100,,"Un #PokemonPresents assez convenu mais tr√®s sympathique. Ce que je retiens : de nouvelles interactions entre Pok√©mon Go et les jeux principaux, un DLC qui semble tr√®s ax√© sur les combats (j'ai cru √† un Colosseum like au d√©but) et le retour d'anciens pok√© ! Hate de voir √ßa",fr,['pokemonpresents'],[],3041620117,3041620117,Sorciermalgach,Sorcier Malgache üçäüçá,1,19,https://twitter.com/Sorciermalgach/status/1630272345456758784,[],[],0,,False,1,0,0,,#PokemonPresents,,,,,,,[],,,,
113,1630272324141285376,1630272324141285376,1677522185000.0,2023-02-27 19:23:05,+0100,,Vibe p√≥s #PokemonPresents numa segunda braba...  https://t.co/L01IEQllyw,pt,['pokemonpresents'],[],994964951897960448,994964951897960448,Bitsnbeats23,Bitsnbeats‚Ñ¢,1,19,https://twitter.com/Bitsnbeats23/status/1630272324141285376,[],['https://pbs.twimg.com/media/Fp_kCceX0AEin-1.jpg'],1,https://pbs.twimg.com/media/Fp_kCceX0AEin-1.jpg,False,0,0,0,,#PokemonPresents,,,,,,,[],,,,
114,1630272309234630657,1630272309234630657,1677522182000.0,2023-02-27 19:23:02,+0100,,#PokemonPresents  https://t.co/ltVGVfBrHk,qme,['pokemonpresents'],[],279812763,279812763,starshas_gem,üíôüíóPhoebe | Tiggylooüíóüíô,1,19,https://twitter.com/starshas_gem/status/1630272309234630657,[],['https://pbs.twimg.com/media/Fp_kBcYWIAYUX_4.jpg'],1,https://pbs.twimg.com/media/Fp_kBcYWIAYUX_4.jpg,False,1,0,0,,#PokemonPresents,,,,,,,[],,,,
115,1630272286627627009,1630272286627627009,1677522176000.0,2023-02-27 19:22:56,+0100,,"#GodNightMonday Parmeshwar Kabir Saheb Ji is introducing Himself by telling Saint Garibdas Ji that I am the Supreme God We are Alakh Allah,Qutub Gos and Pir Poor slave Khalik Dhani,our name is Kabir #electionresults2023 #NigerianElections2023 #ElectionResult #PokemonPresents  https://t.co/DxBl27Y72j",en,"['godnightmonday', 'electionresults2023', 'nigerianelections2023', 'electionresult', 'pokemonpresents']",[],1371023664104214532,1371023664104214532,Rahul69944832,Rahul Bhati üëã,1,19,https://twitter.com/Rahul69944832/status/1630272286627627009,[],['https://pbs.twimg.com/media/Fp_j_uuX0AAJI0w.jpg'],1,https://pbs.twimg.com/media/Fp_j_uuX0AAJI0w.jpg,False,0,0,1,,#PokemonPresents,,,,,,,[],,,,
116,1630272210442092546,1630272210442092546,1677522158000.0,2023-02-27 19:22:38,+0100,,Nancy Cartwright does 7 different Simpsons characters voices #PaulFury #benue #NigerianElections2023 #PokemonPresents #PokemonDay #thinksmartwealth #electionresults2023  #TikTok  https://t.co/J5XLTHhxad,en,"['paulfury', 'benue', 'nigerianelections2023', 'pokemonpresents', 'pokemonday', 'thinksmartwealth', 'electionresults2023', 'tiktok']",[],223521419,223521419,thinksmartwealt,think smart wealth,1,19,https://twitter.com/thinksmartwealt/status/1630272210442092546,['https://vm.tiktok.com/ZMYUMKTKA/'],[],0,,False,0,0,0,,#PokemonPresents,,,,,,,[],,,,
